"Module","Method","Route","Layer","Target","Method2","Repos","ReadTables","EmptyReads","WriteTables"
"admin","GET","/api/v1/admin/backup/","SERVICE","BackupService","list","","","",""
"admin","POST","/api/v1/admin/backup/","SERVICE","BackupService","create","","","",""
"admin","POST","/api/v1/admin/backup/:name/verify","SERVICE","BackupService","verify","","","",""
"admin","POST","/api/v1/admin/backup/:name/restore","SERVICE","BackupService","restore","","","",""
"admin","GET","/api/v1/admin/backup/:name/download","SERVICE","BackupService","getStream","","","",""
"admin","DELETE","/api/v1/admin/backup/:name","SERVICE","BackupService","delete","","","",""
"admin","POST","/api/v1/admin/backup/rotate","SERVICE","BackupService","rotate","","","",""
"admin","GET","/api/v1/admin/email-config/","REPOSITORY","EmailConfigRepository","findAll","EmailConfigRepository","system.email_config","","system.email_config"
"admin","GET","/api/v1/admin/email-config/active","REPOSITORY","EmailConfigRepository","findActive","EmailConfigRepository","system.email_config","","system.email_config"
"admin","GET","/api/v1/admin/email-config/:id","REPOSITORY","EmailConfigRepository","findById","EmailConfigRepository","system.email_config","","system.email_config"
"admin","POST","/api/v1/admin/email-config/","REPOSITORY","EmailConfigRepository","deactivateAll","EmailConfigRepository","system.email_config","","system.email_config"
"admin","POST","/api/v1/admin/email-config/","REPOSITORY","EmailConfigRepository","create","EmailConfigRepository","system.email_config","","system.email_config"
"admin","PUT","/api/v1/admin/email-config/:id","REPOSITORY","EmailConfigRepository","findById","EmailConfigRepository","system.email_config","","system.email_config"
"admin","PUT","/api/v1/admin/email-config/:id","REPOSITORY","EmailConfigRepository","deactivateAll","EmailConfigRepository","system.email_config","","system.email_config"
"admin","PUT","/api/v1/admin/email-config/:id","REPOSITORY","EmailConfigRepository","update","EmailConfigRepository","system.email_config","","system.email_config"
"admin","DELETE","/api/v1/admin/email-config/:id","REPOSITORY","EmailConfigRepository","delete","EmailConfigRepository","system.email_config","","system.email_config"
"admin","POST","/api/v1/admin/email-config/test","HANDLER","(no table)","(controller)","(no table)","","",""
"admin","GET","/api/v1/admin/push-config/","REPOSITORY","PushConfigRepository","findAll","PushConfigRepository","system.push_config","system.push_config","system.push_config"
"admin","GET","/api/v1/admin/push-config/active","REPOSITORY","PushConfigRepository","findActive","PushConfigRepository","system.push_config","system.push_config","system.push_config"
"admin","GET","/api/v1/admin/push-config/:id","REPOSITORY","PushConfigRepository","findById","PushConfigRepository","system.push_config","system.push_config","system.push_config"
"admin","POST","/api/v1/admin/push-config/","REPOSITORY","PushConfigRepository","deactivateAll","PushConfigRepository","system.push_config","system.push_config","system.push_config"
"admin","POST","/api/v1/admin/push-config/","REPOSITORY","PushConfigRepository","create","PushConfigRepository","system.push_config","system.push_config","system.push_config"
"admin","PUT","/api/v1/admin/push-config/:id","REPOSITORY","PushConfigRepository","findById","PushConfigRepository","system.push_config","system.push_config","system.push_config"
"admin","PUT","/api/v1/admin/push-config/:id","REPOSITORY","PushConfigRepository","deactivateAll","PushConfigRepository","system.push_config","system.push_config","system.push_config"
"admin","PUT","/api/v1/admin/push-config/:id","REPOSITORY","PushConfigRepository","update","PushConfigRepository","system.push_config","system.push_config","system.push_config"
"admin","DELETE","/api/v1/admin/push-config/:id","REPOSITORY","PushConfigRepository","delete","PushConfigRepository","system.push_config","system.push_config","system.push_config"
"admin","GET","/api/v1/admin/reference-data/:entity","HANDLER","REFERENCE_ENTITY_TABLES","(controller)","REFERENCE_ENTITY_TABLES","","",""
"admin","GET","/api/v1/admin/reference-data/:entity/:id","HANDLER","REFERENCE_ENTITY_TABLES","(controller)","REFERENCE_ENTITY_TABLES","","",""
"admin","POST","/api/v1/admin/reference-data/:entity","HANDLER","REFERENCE_ENTITY_TABLES","(controller)","REFERENCE_ENTITY_TABLES","","",""
"admin","PUT","/api/v1/admin/reference-data/:entity/:id","HANDLER","REFERENCE_ENTITY_TABLES","(controller)","REFERENCE_ENTITY_TABLES","","",""
"admin","DELETE","/api/v1/admin/reference-data/:entity/:id","HANDLER","REFERENCE_ENTITY_TABLES","(controller)","REFERENCE_ENTITY_TABLES","","",""
"admin","GET","/api/v1/admin/sms-config/","REPOSITORY","SmsConfigRepository","findAll","SmsConfigRepository","system.sms_config","","system.sms_config"
"admin","GET","/api/v1/admin/sms-config/active","REPOSITORY","SmsConfigRepository","findActive","SmsConfigRepository","system.sms_config","","system.sms_config"
"admin","GET","/api/v1/admin/sms-config/:id","REPOSITORY","SmsConfigRepository","findById","SmsConfigRepository","system.sms_config","","system.sms_config"
"admin","POST","/api/v1/admin/sms-config/","REPOSITORY","SmsConfigRepository","deactivateAll","SmsConfigRepository","system.sms_config","","system.sms_config"
"admin","POST","/api/v1/admin/sms-config/","REPOSITORY","SmsConfigRepository","create","SmsConfigRepository","system.sms_config","","system.sms_config"
"admin","PUT","/api/v1/admin/sms-config/:id","REPOSITORY","SmsConfigRepository","findById","SmsConfigRepository","system.sms_config","","system.sms_config"
"admin","PUT","/api/v1/admin/sms-config/:id","REPOSITORY","SmsConfigRepository","deactivateAll","SmsConfigRepository","system.sms_config","","system.sms_config"
"admin","PUT","/api/v1/admin/sms-config/:id","REPOSITORY","SmsConfigRepository","update","SmsConfigRepository","system.sms_config","","system.sms_config"
"admin","DELETE","/api/v1/admin/sms-config/:id","REPOSITORY","SmsConfigRepository","delete","SmsConfigRepository","system.sms_config","","system.sms_config"
"admin","GET","/api/v1/admin/system-config/:group","HANDLER","system.system_config","(controller)","system.system_config","","",""
"admin","PUT","/api/v1/admin/system-config/:group/:key","HANDLER","system.system_config","(controller)","system.system_config","","",""
"admin","GET","/api/v1/admin/stats","SERVICE","AdminService","getStats","AdminRepository","audit.audit_logs;committee.committee_meetings;committee.committees;committee.review_assignments;core.applications;core.projects;security.users","",""
"admin","GET","/api/v1/admin/audit-log","SERVICE","AdminService","getAuditLog","AdminRepository","audit.audit_logs;committee.committee_meetings;committee.committees;committee.review_assignments;core.applications;core.projects;security.users","",""
"admin","GET","/api/v1/admin/audit-log/actions","SERVICE","AdminService","getDistinctActions","AdminRepository","audit.audit_logs;committee.committee_meetings;committee.committees;committee.review_assignments;core.applications;core.projects;security.users","",""
"admin","GET","/api/v1/admin/online-users","SERVICE","AdminService","getOnlineUsers","AdminRepository","audit.audit_logs;committee.committee_meetings;committee.committees;committee.review_assignments;core.applications;core.projects;security.users","",""
"admin","GET","/api/v1/admin/recent-activity","SERVICE","AdminService","getRecentActivity","AdminRepository","audit.audit_logs;committee.committee_meetings;committee.committees;committee.review_assignments;core.applications;core.projects;security.users","",""
"committee","GET","/api/v1/committee/accreditation/cycles","SERVICE","AccreditationService","getCycles","AccreditationAssessmentRepository;AccreditationConditionRepository;AccreditationCycleRepository;AccreditationDecisionRepository;AccreditationEvidenceRepository","committee.accreditation_assessment_items;committee.accreditation_assessments;committee.accreditation_conditions;committee.accreditation_cycles;committee.accreditation_decisions;committee.accreditation_evidence;committee.accreditation_standard_versions;committee.accreditation_standards;committee.committees;security.institutions;security.users","committee.accreditation_assessment_items;committee.accreditation_assessments;committee.accreditation_conditions;committee.accreditation_cycles;committee.accreditation_decisions;committee.accreditation_evidence;committee.accreditation_standard_versions;committee.accreditation_standards","committee.accreditation_assessment_items;committee.accreditation_assessments;committee.accreditation_conditions;committee.accreditation_cycles;committee.accreditation_decisions;committee.accreditation_evidence"
"committee","GET","/api/v1/committee/accreditation/cycles/:id","SERVICE","AccreditationService","getCycle","AccreditationAssessmentRepository;AccreditationConditionRepository;AccreditationCycleRepository;AccreditationDecisionRepository;AccreditationEvidenceRepository","committee.accreditation_assessment_items;committee.accreditation_assessments;committee.accreditation_conditions;committee.accreditation_cycles;committee.accreditation_decisions;committee.accreditation_evidence;committee.accreditation_standard_versions;committee.accreditation_standards;committee.committees;security.institutions;security.users","committee.accreditation_assessment_items;committee.accreditation_assessments;committee.accreditation_conditions;committee.accreditation_cycles;committee.accreditation_decisions;committee.accreditation_evidence;committee.accreditation_standard_versions;committee.accreditation_standards","committee.accreditation_assessment_items;committee.accreditation_assessments;committee.accreditation_conditions;committee.accreditation_cycles;committee.accreditation_decisions;committee.accreditation_evidence"
"committee","POST","/api/v1/committee/accreditation/cycles","SERVICE","AccreditationService","createCycle","AccreditationAssessmentRepository;AccreditationConditionRepository;AccreditationCycleRepository;AccreditationDecisionRepository;AccreditationEvidenceRepository","committee.accreditation_assessment_items;committee.accreditation_assessments;committee.accreditation_conditions;committee.accreditation_cycles;committee.accreditation_decisions;committee.accreditation_evidence;committee.accreditation_standard_versions;committee.accreditation_standards;committee.committees;security.institutions;security.users","committee.accreditation_assessment_items;committee.accreditation_assessments;committee.accreditation_conditions;committee.accreditation_cycles;committee.accreditation_decisions;committee.accreditation_evidence;committee.accreditation_standard_versions;committee.accreditation_standards","committee.accreditation_assessment_items;committee.accreditation_assessments;committee.accreditation_conditions;committee.accreditation_cycles;committee.accreditation_decisions;committee.accreditation_evidence"
"committee","PATCH","/api/v1/committee/accreditation/cycles/:id/status","SERVICE","AccreditationService","updateCycleStatus","AccreditationAssessmentRepository;AccreditationConditionRepository;AccreditationCycleRepository;AccreditationDecisionRepository;AccreditationEvidenceRepository","committee.accreditation_assessment_items;committee.accreditation_assessments;committee.accreditation_conditions;committee.accreditation_cycles;committee.accreditation_decisions;committee.accreditation_evidence;committee.accreditation_standard_versions;committee.accreditation_standards;committee.committees;security.institutions;security.users","committee.accreditation_assessment_items;committee.accreditation_assessments;committee.accreditation_conditions;committee.accreditation_cycles;committee.accreditation_decisions;committee.accreditation_evidence;committee.accreditation_standard_versions;committee.accreditation_standards","committee.accreditation_assessment_items;committee.accreditation_assessments;committee.accreditation_conditions;committee.accreditation_cycles;committee.accreditation_decisions;committee.accreditation_evidence"
"committee","DELETE","/api/v1/committee/accreditation/cycles/:id","SERVICE","AccreditationService","deleteCycle","AccreditationAssessmentRepository;AccreditationConditionRepository;AccreditationCycleRepository;AccreditationDecisionRepository;AccreditationEvidenceRepository","committee.accreditation_assessment_items;committee.accreditation_assessments;committee.accreditation_conditions;committee.accreditation_cycles;committee.accreditation_decisions;committee.accreditation_evidence;committee.accreditation_standard_versions;committee.accreditation_standards;committee.committees;security.institutions;security.users","committee.accreditation_assessment_items;committee.accreditation_assessments;committee.accreditation_conditions;committee.accreditation_cycles;committee.accreditation_decisions;committee.accreditation_evidence;committee.accreditation_standard_versions;committee.accreditation_standards","committee.accreditation_assessment_items;committee.accreditation_assessments;committee.accreditation_conditions;committee.accreditation_cycles;committee.accreditation_decisions;committee.accreditation_evidence"
"committee","GET","/api/v1/committee/accreditation/standards","SERVICE","AccreditationService","getStandards","AccreditationAssessmentRepository;AccreditationConditionRepository;AccreditationCycleRepository;AccreditationDecisionRepository;AccreditationEvidenceRepository","committee.accreditation_assessment_items;committee.accreditation_assessments;committee.accreditation_conditions;committee.accreditation_cycles;committee.accreditation_decisions;committee.accreditation_evidence;committee.accreditation_standard_versions;committee.accreditation_standards;committee.committees;security.institutions;security.users","committee.accreditation_assessment_items;committee.accreditation_assessments;committee.accreditation_conditions;committee.accreditation_cycles;committee.accreditation_decisions;committee.accreditation_evidence;committee.accreditation_standard_versions;committee.accreditation_standards","committee.accreditation_assessment_items;committee.accreditation_assessments;committee.accreditation_conditions;committee.accreditation_cycles;committee.accreditation_decisions;committee.accreditation_evidence"
"committee","GET","/api/v1/committee/accreditation/cycles/:cycleId/assessments","SERVICE","AccreditationService","getAssessments","AccreditationAssessmentRepository;AccreditationConditionRepository;AccreditationCycleRepository;AccreditationDecisionRepository;AccreditationEvidenceRepository","committee.accreditation_assessment_items;committee.accreditation_assessments;committee.accreditation_conditions;committee.accreditation_cycles;committee.accreditation_decisions;committee.accreditation_evidence;committee.accreditation_standard_versions;committee.accreditation_standards;committee.committees;security.institutions;security.users","committee.accreditation_assessment_items;committee.accreditation_assessments;committee.accreditation_conditions;committee.accreditation_cycles;committee.accreditation_decisions;committee.accreditation_evidence;committee.accreditation_standard_versions;committee.accreditation_standards","committee.accreditation_assessment_items;committee.accreditation_assessments;committee.accreditation_conditions;committee.accreditation_cycles;committee.accreditation_decisions;committee.accreditation_evidence"
"committee","GET","/api/v1/committee/accreditation/assessments/:id","SERVICE","AccreditationService","getAssessment","AccreditationAssessmentRepository;AccreditationConditionRepository;AccreditationCycleRepository;AccreditationDecisionRepository;AccreditationEvidenceRepository","committee.accreditation_assessment_items;committee.accreditation_assessments;committee.accreditation_conditions;committee.accreditation_cycles;committee.accreditation_decisions;committee.accreditation_evidence;committee.accreditation_standard_versions;committee.accreditation_standards;committee.committees;security.institutions;security.users","committee.accreditation_assessment_items;committee.accreditation_assessments;committee.accreditation_conditions;committee.accreditation_cycles;committee.accreditation_decisions;committee.accreditation_evidence;committee.accreditation_standard_versions;committee.accreditation_standards","committee.accreditation_assessment_items;committee.accreditation_assessments;committee.accreditation_conditions;committee.accreditation_cycles;committee.accreditation_decisions;committee.accreditation_evidence"
"committee","POST","/api/v1/committee/accreditation/cycles/:cycleId/assessments","SERVICE","AccreditationService","createAssessment","AccreditationAssessmentRepository;AccreditationConditionRepository;AccreditationCycleRepository;AccreditationDecisionRepository;AccreditationEvidenceRepository","committee.accreditation_assessment_items;committee.accreditation_assessments;committee.accreditation_conditions;committee.accreditation_cycles;committee.accreditation_decisions;committee.accreditation_evidence;committee.accreditation_standard_versions;committee.accreditation_standards;committee.committees;security.institutions;security.users","committee.accreditation_assessment_items;committee.accreditation_assessments;committee.accreditation_conditions;committee.accreditation_cycles;committee.accreditation_decisions;committee.accreditation_evidence;committee.accreditation_standard_versions;committee.accreditation_standards","committee.accreditation_assessment_items;committee.accreditation_assessments;committee.accreditation_conditions;committee.accreditation_cycles;committee.accreditation_decisions;committee.accreditation_evidence"
"committee","PUT","/api/v1/committee/accreditation/assessments/:id/items","SERVICE","AccreditationService","updateAssessmentItems","AccreditationAssessmentRepository;AccreditationConditionRepository;AccreditationCycleRepository;AccreditationDecisionRepository;AccreditationEvidenceRepository","committee.accreditation_assessment_items;committee.accreditation_assessments;committee.accreditation_conditions;committee.accreditation_cycles;committee.accreditation_decisions;committee.accreditation_evidence;committee.accreditation_standard_versions;committee.accreditation_standards;committee.committees;security.institutions;security.users","committee.accreditation_assessment_items;committee.accreditation_assessments;committee.accreditation_conditions;committee.accreditation_cycles;committee.accreditation_decisions;committee.accreditation_evidence;committee.accreditation_standard_versions;committee.accreditation_standards","committee.accreditation_assessment_items;committee.accreditation_assessments;committee.accreditation_conditions;committee.accreditation_cycles;committee.accreditation_decisions;committee.accreditation_evidence"
"committee","DELETE","/api/v1/committee/accreditation/assessments/:id","SERVICE","AccreditationService","deleteAssessment","AccreditationAssessmentRepository;AccreditationConditionRepository;AccreditationCycleRepository;AccreditationDecisionRepository;AccreditationEvidenceRepository","committee.accreditation_assessment_items;committee.accreditation_assessments;committee.accreditation_conditions;committee.accreditation_cycles;committee.accreditation_decisions;committee.accreditation_evidence;committee.accreditation_standard_versions;committee.accreditation_standards;committee.committees;security.institutions;security.users","committee.accreditation_assessment_items;committee.accreditation_assessments;committee.accreditation_conditions;committee.accreditation_cycles;committee.accreditation_decisions;committee.accreditation_evidence;committee.accreditation_standard_versions;committee.accreditation_standards","committee.accreditation_assessment_items;committee.accreditation_assessments;committee.accreditation_conditions;committee.accreditation_cycles;committee.accreditation_decisions;committee.accreditation_evidence"
"committee","GET","/api/v1/committee/accreditation/cycles/:cycleId/evidence","SERVICE","AccreditationService","getEvidence","AccreditationAssessmentRepository;AccreditationConditionRepository;AccreditationCycleRepository;AccreditationDecisionRepository;AccreditationEvidenceRepository","committee.accreditation_assessment_items;committee.accreditation_assessments;committee.accreditation_conditions;committee.accreditation_cycles;committee.accreditation_decisions;committee.accreditation_evidence;committee.accreditation_standard_versions;committee.accreditation_standards;committee.committees;security.institutions;security.users","committee.accreditation_assessment_items;committee.accreditation_assessments;committee.accreditation_conditions;committee.accreditation_cycles;committee.accreditation_decisions;committee.accreditation_evidence;committee.accreditation_standard_versions;committee.accreditation_standards","committee.accreditation_assessment_items;committee.accreditation_assessments;committee.accreditation_conditions;committee.accreditation_cycles;committee.accreditation_decisions;committee.accreditation_evidence"
"committee","GET","/api/v1/committee/accreditation/evidence/:id","SERVICE","AccreditationService","getEvidenceItem","AccreditationAssessmentRepository;AccreditationConditionRepository;AccreditationCycleRepository;AccreditationDecisionRepository;AccreditationEvidenceRepository","committee.accreditation_assessment_items;committee.accreditation_assessments;committee.accreditation_conditions;committee.accreditation_cycles;committee.accreditation_decisions;committee.accreditation_evidence;committee.accreditation_standard_versions;committee.accreditation_standards;committee.committees;security.institutions;security.users","committee.accreditation_assessment_items;committee.accreditation_assessments;committee.accreditation_conditions;committee.accreditation_cycles;committee.accreditation_decisions;committee.accreditation_evidence;committee.accreditation_standard_versions;committee.accreditation_standards","committee.accreditation_assessment_items;committee.accreditation_assessments;committee.accreditation_conditions;committee.accreditation_cycles;committee.accreditation_decisions;committee.accreditation_evidence"
"committee","POST","/api/v1/committee/accreditation/cycles/:cycleId/evidence","SERVICE","AccreditationService","createEvidence","AccreditationAssessmentRepository;AccreditationConditionRepository;AccreditationCycleRepository;AccreditationDecisionRepository;AccreditationEvidenceRepository","committee.accreditation_assessment_items;committee.accreditation_assessments;committee.accreditation_conditions;committee.accreditation_cycles;committee.accreditation_decisions;committee.accreditation_evidence;committee.accreditation_standard_versions;committee.accreditation_standards;committee.committees;security.institutions;security.users","committee.accreditation_assessment_items;committee.accreditation_assessments;committee.accreditation_conditions;committee.accreditation_cycles;committee.accreditation_decisions;committee.accreditation_evidence;committee.accreditation_standard_versions;committee.accreditation_standards","committee.accreditation_assessment_items;committee.accreditation_assessments;committee.accreditation_conditions;committee.accreditation_cycles;committee.accreditation_decisions;committee.accreditation_evidence"
"committee","PATCH","/api/v1/committee/accreditation/evidence/:id/status","SERVICE","AccreditationService","updateEvidenceStatus","AccreditationAssessmentRepository;AccreditationConditionRepository;AccreditationCycleRepository;AccreditationDecisionRepository;AccreditationEvidenceRepository","committee.accreditation_assessment_items;committee.accreditation_assessments;committee.accreditation_conditions;committee.accreditation_cycles;committee.accreditation_decisions;committee.accreditation_evidence;committee.accreditation_standard_versions;committee.accreditation_standards;committee.committees;security.institutions;security.users","committee.accreditation_assessment_items;committee.accreditation_assessments;committee.accreditation_conditions;committee.accreditation_cycles;committee.accreditation_decisions;committee.accreditation_evidence;committee.accreditation_standard_versions;committee.accreditation_standards","committee.accreditation_assessment_items;committee.accreditation_assessments;committee.accreditation_conditions;committee.accreditation_cycles;committee.accreditation_decisions;committee.accreditation_evidence"
"committee","DELETE","/api/v1/committee/accreditation/evidence/:id","SERVICE","AccreditationService","deleteEvidence","AccreditationAssessmentRepository;AccreditationConditionRepository;AccreditationCycleRepository;AccreditationDecisionRepository;AccreditationEvidenceRepository","committee.accreditation_assessment_items;committee.accreditation_assessments;committee.accreditation_conditions;committee.accreditation_cycles;committee.accreditation_decisions;committee.accreditation_evidence;committee.accreditation_standard_versions;committee.accreditation_standards;committee.committees;security.institutions;security.users","committee.accreditation_assessment_items;committee.accreditation_assessments;committee.accreditation_conditions;committee.accreditation_cycles;committee.accreditation_decisions;committee.accreditation_evidence;committee.accreditation_standard_versions;committee.accreditation_standards","committee.accreditation_assessment_items;committee.accreditation_assessments;committee.accreditation_conditions;committee.accreditation_cycles;committee.accreditation_decisions;committee.accreditation_evidence"
"committee","GET","/api/v1/committee/accreditation/cycles/:cycleId/conditions","SERVICE","AccreditationService","getConditions","AccreditationAssessmentRepository;AccreditationConditionRepository;AccreditationCycleRepository;AccreditationDecisionRepository;AccreditationEvidenceRepository","committee.accreditation_assessment_items;committee.accreditation_assessments;committee.accreditation_conditions;committee.accreditation_cycles;committee.accreditation_decisions;committee.accreditation_evidence;committee.accreditation_standard_versions;committee.accreditation_standards;committee.committees;security.institutions;security.users","committee.accreditation_assessment_items;committee.accreditation_assessments;committee.accreditation_conditions;committee.accreditation_cycles;committee.accreditation_decisions;committee.accreditation_evidence;committee.accreditation_standard_versions;committee.accreditation_standards","committee.accreditation_assessment_items;committee.accreditation_assessments;committee.accreditation_conditions;committee.accreditation_cycles;committee.accreditation_decisions;committee.accreditation_evidence"
"committee","GET","/api/v1/committee/accreditation/conditions/:id","SERVICE","AccreditationService","getCondition","AccreditationAssessmentRepository;AccreditationConditionRepository;AccreditationCycleRepository;AccreditationDecisionRepository;AccreditationEvidenceRepository","committee.accreditation_assessment_items;committee.accreditation_assessments;committee.accreditation_conditions;committee.accreditation_cycles;committee.accreditation_decisions;committee.accreditation_evidence;committee.accreditation_standard_versions;committee.accreditation_standards;committee.committees;security.institutions;security.users","committee.accreditation_assessment_items;committee.accreditation_assessments;committee.accreditation_conditions;committee.accreditation_cycles;committee.accreditation_decisions;committee.accreditation_evidence;committee.accreditation_standard_versions;committee.accreditation_standards","committee.accreditation_assessment_items;committee.accreditation_assessments;committee.accreditation_conditions;committee.accreditation_cycles;committee.accreditation_decisions;committee.accreditation_evidence"
"committee","POST","/api/v1/committee/accreditation/cycles/:cycleId/conditions","SERVICE","AccreditationService","createCondition","AccreditationAssessmentRepository;AccreditationConditionRepository;AccreditationCycleRepository;AccreditationDecisionRepository;AccreditationEvidenceRepository","committee.accreditation_assessment_items;committee.accreditation_assessments;committee.accreditation_conditions;committee.accreditation_cycles;committee.accreditation_decisions;committee.accreditation_evidence;committee.accreditation_standard_versions;committee.accreditation_standards;committee.committees;security.institutions;security.users","committee.accreditation_assessment_items;committee.accreditation_assessments;committee.accreditation_conditions;committee.accreditation_cycles;committee.accreditation_decisions;committee.accreditation_evidence;committee.accreditation_standard_versions;committee.accreditation_standards","committee.accreditation_assessment_items;committee.accreditation_assessments;committee.accreditation_conditions;committee.accreditation_cycles;committee.accreditation_decisions;committee.accreditation_evidence"
"committee","PATCH","/api/v1/committee/accreditation/conditions/:id/status","SERVICE","AccreditationService","resolveCondition","AccreditationAssessmentRepository;AccreditationConditionRepository;AccreditationCycleRepository;AccreditationDecisionRepository;AccreditationEvidenceRepository","committee.accreditation_assessment_items;committee.accreditation_assessments;committee.accreditation_conditions;committee.accreditation_cycles;committee.accreditation_decisions;committee.accreditation_evidence;committee.accreditation_standard_versions;committee.accreditation_standards;committee.committees;security.institutions;security.users","committee.accreditation_assessment_items;committee.accreditation_assessments;committee.accreditation_conditions;committee.accreditation_cycles;committee.accreditation_decisions;committee.accreditation_evidence;committee.accreditation_standard_versions;committee.accreditation_standards","committee.accreditation_assessment_items;committee.accreditation_assessments;committee.accreditation_conditions;committee.accreditation_cycles;committee.accreditation_decisions;committee.accreditation_evidence"
"committee","GET","/api/v1/committee/accreditation/cycles/:cycleId/decisions","SERVICE","AccreditationService","getDecisions","AccreditationAssessmentRepository;AccreditationConditionRepository;AccreditationCycleRepository;AccreditationDecisionRepository;AccreditationEvidenceRepository","committee.accreditation_assessment_items;committee.accreditation_assessments;committee.accreditation_conditions;committee.accreditation_cycles;committee.accreditation_decisions;committee.accreditation_evidence;committee.accreditation_standard_versions;committee.accreditation_standards;committee.committees;security.institutions;security.users","committee.accreditation_assessment_items;committee.accreditation_assessments;committee.accreditation_conditions;committee.accreditation_cycles;committee.accreditation_decisions;committee.accreditation_evidence;committee.accreditation_standard_versions;committee.accreditation_standards","committee.accreditation_assessment_items;committee.accreditation_assessments;committee.accreditation_conditions;committee.accreditation_cycles;committee.accreditation_decisions;committee.accreditation_evidence"
"committee","GET","/api/v1/committee/accreditation/decisions/:id","SERVICE","AccreditationService","getDecision","AccreditationAssessmentRepository;AccreditationConditionRepository;AccreditationCycleRepository;AccreditationDecisionRepository;AccreditationEvidenceRepository","committee.accreditation_assessment_items;committee.accreditation_assessments;committee.accreditation_conditions;committee.accreditation_cycles;committee.accreditation_decisions;committee.accreditation_evidence;committee.accreditation_standard_versions;committee.accreditation_standards;committee.committees;security.institutions;security.users","committee.accreditation_assessment_items;committee.accreditation_assessments;committee.accreditation_conditions;committee.accreditation_cycles;committee.accreditation_decisions;committee.accreditation_evidence;committee.accreditation_standard_versions;committee.accreditation_standards","committee.accreditation_assessment_items;committee.accreditation_assessments;committee.accreditation_conditions;committee.accreditation_cycles;committee.accreditation_decisions;committee.accreditation_evidence"
"committee","POST","/api/v1/committee/accreditation/cycles/:cycleId/decisions","SERVICE","AccreditationService","createDecision","AccreditationAssessmentRepository;AccreditationConditionRepository;AccreditationCycleRepository;AccreditationDecisionRepository;AccreditationEvidenceRepository","committee.accreditation_assessment_items;committee.accreditation_assessments;committee.accreditation_conditions;committee.accreditation_cycles;committee.accreditation_decisions;committee.accreditation_evidence;committee.accreditation_standard_versions;committee.accreditation_standards;committee.committees;security.institutions;security.users","committee.accreditation_assessment_items;committee.accreditation_assessments;committee.accreditation_conditions;committee.accreditation_cycles;committee.accreditation_decisions;committee.accreditation_evidence;committee.accreditation_standard_versions;committee.accreditation_standards","committee.accreditation_assessment_items;committee.accreditation_assessments;committee.accreditation_conditions;committee.accreditation_cycles;committee.accreditation_decisions;committee.accreditation_evidence"
"committee","GET","/api/v1/committee/committees/committee-types","SERVICE","CommitteeService","getTypes","ApplicationRepository;CommitteeRepository;DocumentRepository;MeetingRepository;MemberRepository;ReviewRepository;VotingRepository","committee.agenda_items;committee.attendance_logs;committee.committee_meetings;committee.committee_member_roles;committee.committee_members;committee.committee_roles;committee.committee_types;committee.committees;committee.meeting_agendas;committee.meeting_minutes;committee.member_conflicts;committee.member_qualifications;committee.member_terms;committee.review_answers;committee.review_assignments;committee.review_comments;committee.review_forms;committee.review_questions;committee.review_recommendations;committee.review_scores;committee.votes;committee.voting_sessions;core.applications;core.projects;documents.document_classifications;documents.document_retention_rules;documents.document_signatures;documents.document_types;documents.documents;reference.application_statuses;security.institutions;security.users","committee.agenda_items;committee.committee_member_roles;committee.meeting_minutes;committee.member_conflicts;committee.member_qualifications;committee.member_terms;committee.review_answers;committee.review_scores","committee.agenda_items;committee.attendance_logs;committee.committee_meetings;committee.committee_members;committee.committees;committee.meeting_agendas;committee.meeting_minutes;committee.member_conflicts;committee.member_qualifications;committee.member_terms;committee.review_answers;committee.review_assignments;committee.review_comments;committee.review_forms;committee.review_questions;committee.review_recommendations;committee.review_scores;committee.votes;committee.voting_sessions;core.applications;documents.document_audit;documents.document_signatures;documents.documents"
"committee","GET","/api/v1/committee/committees/committee-roles","SERVICE","CommitteeService","getRoles","ApplicationRepository;CommitteeRepository;DocumentRepository;MeetingRepository;MemberRepository;ReviewRepository;VotingRepository","committee.agenda_items;committee.attendance_logs;committee.committee_meetings;committee.committee_member_roles;committee.committee_members;committee.committee_roles;committee.committee_types;committee.committees;committee.meeting_agendas;committee.meeting_minutes;committee.member_conflicts;committee.member_qualifications;committee.member_terms;committee.review_answers;committee.review_assignments;committee.review_comments;committee.review_forms;committee.review_questions;committee.review_recommendations;committee.review_scores;committee.votes;committee.voting_sessions;core.applications;core.projects;documents.document_classifications;documents.document_retention_rules;documents.document_signatures;documents.document_types;documents.documents;reference.application_statuses;security.institutions;security.users","committee.agenda_items;committee.committee_member_roles;committee.meeting_minutes;committee.member_conflicts;committee.member_qualifications;committee.member_terms;committee.review_answers;committee.review_scores","committee.agenda_items;committee.attendance_logs;committee.committee_meetings;committee.committee_members;committee.committees;committee.meeting_agendas;committee.meeting_minutes;committee.member_conflicts;committee.member_qualifications;committee.member_terms;committee.review_answers;committee.review_assignments;committee.review_comments;committee.review_forms;committee.review_questions;committee.review_recommendations;committee.review_scores;committee.votes;committee.voting_sessions;core.applications;documents.document_audit;documents.document_signatures;documents.documents"
"committee","GET","/api/v1/committee/committees/","SERVICE","CommitteeService","getAll","ApplicationRepository;CommitteeRepository;DocumentRepository;MeetingRepository;MemberRepository;ReviewRepository;VotingRepository","committee.agenda_items;committee.attendance_logs;committee.committee_meetings;committee.committee_member_roles;committee.committee_members;committee.committee_roles;committee.committee_types;committee.committees;committee.meeting_agendas;committee.meeting_minutes;committee.member_conflicts;committee.member_qualifications;committee.member_terms;committee.review_answers;committee.review_assignments;committee.review_comments;committee.review_forms;committee.review_questions;committee.review_recommendations;committee.review_scores;committee.votes;committee.voting_sessions;core.applications;core.projects;documents.document_classifications;documents.document_retention_rules;documents.document_signatures;documents.document_types;documents.documents;reference.application_statuses;security.institutions;security.users","committee.agenda_items;committee.committee_member_roles;committee.meeting_minutes;committee.member_conflicts;committee.member_qualifications;committee.member_terms;committee.review_answers;committee.review_scores","committee.agenda_items;committee.attendance_logs;committee.committee_meetings;committee.committee_members;committee.committees;committee.meeting_agendas;committee.meeting_minutes;committee.member_conflicts;committee.member_qualifications;committee.member_terms;committee.review_answers;committee.review_assignments;committee.review_comments;committee.review_forms;committee.review_questions;committee.review_recommendations;committee.review_scores;committee.votes;committee.voting_sessions;core.applications;documents.document_audit;documents.document_signatures;documents.documents"
"committee","POST","/api/v1/committee/committees/","SERVICE","CommitteeService","create","ApplicationRepository;CommitteeRepository;DocumentRepository;MeetingRepository;MemberRepository;ReviewRepository;VotingRepository","committee.agenda_items;committee.attendance_logs;committee.committee_meetings;committee.committee_member_roles;committee.committee_members;committee.committee_roles;committee.committee_types;committee.committees;committee.meeting_agendas;committee.meeting_minutes;committee.member_conflicts;committee.member_qualifications;committee.member_terms;committee.review_answers;committee.review_assignments;committee.review_comments;committee.review_forms;committee.review_questions;committee.review_recommendations;committee.review_scores;committee.votes;committee.voting_sessions;core.applications;core.projects;documents.document_classifications;documents.document_retention_rules;documents.document_signatures;documents.document_types;documents.documents;reference.application_statuses;security.institutions;security.users","committee.agenda_items;committee.committee_member_roles;committee.meeting_minutes;committee.member_conflicts;committee.member_qualifications;committee.member_terms;committee.review_answers;committee.review_scores","committee.agenda_items;committee.attendance_logs;committee.committee_meetings;committee.committee_members;committee.committees;committee.meeting_agendas;committee.meeting_minutes;committee.member_conflicts;committee.member_qualifications;committee.member_terms;committee.review_answers;committee.review_assignments;committee.review_comments;committee.review_forms;committee.review_questions;committee.review_recommendations;committee.review_scores;committee.votes;committee.voting_sessions;core.applications;documents.document_audit;documents.document_signatures;documents.documents"
"committee","PUT","/api/v1/committee/committees/:id","SERVICE","CommitteeService","update","ApplicationRepository;CommitteeRepository;DocumentRepository;MeetingRepository;MemberRepository;ReviewRepository;VotingRepository","committee.agenda_items;committee.attendance_logs;committee.committee_meetings;committee.committee_member_roles;committee.committee_members;committee.committee_roles;committee.committee_types;committee.committees;committee.meeting_agendas;committee.meeting_minutes;committee.member_conflicts;committee.member_qualifications;committee.member_terms;committee.review_answers;committee.review_assignments;committee.review_comments;committee.review_forms;committee.review_questions;committee.review_recommendations;committee.review_scores;committee.votes;committee.voting_sessions;core.applications;core.projects;documents.document_classifications;documents.document_retention_rules;documents.document_signatures;documents.document_types;documents.documents;reference.application_statuses;security.institutions;security.users","committee.agenda_items;committee.committee_member_roles;committee.meeting_minutes;committee.member_conflicts;committee.member_qualifications;committee.member_terms;committee.review_answers;committee.review_scores","committee.agenda_items;committee.attendance_logs;committee.committee_meetings;committee.committee_members;committee.committees;committee.meeting_agendas;committee.meeting_minutes;committee.member_conflicts;committee.member_qualifications;committee.member_terms;committee.review_answers;committee.review_assignments;committee.review_comments;committee.review_forms;committee.review_questions;committee.review_recommendations;committee.review_scores;committee.votes;committee.voting_sessions;core.applications;documents.document_audit;documents.document_signatures;documents.documents"
"committee","DELETE","/api/v1/committee/committees/:id","SERVICE","CommitteeService","deactivate","ApplicationRepository;CommitteeRepository;DocumentRepository;MeetingRepository;MemberRepository;ReviewRepository;VotingRepository","committee.agenda_items;committee.attendance_logs;committee.committee_meetings;committee.committee_member_roles;committee.committee_members;committee.committee_roles;committee.committee_types;committee.committees;committee.meeting_agendas;committee.meeting_minutes;committee.member_conflicts;committee.member_qualifications;committee.member_terms;committee.review_answers;committee.review_assignments;committee.review_comments;committee.review_forms;committee.review_questions;committee.review_recommendations;committee.review_scores;committee.votes;committee.voting_sessions;core.applications;core.projects;documents.document_classifications;documents.document_retention_rules;documents.document_signatures;documents.document_types;documents.documents;reference.application_statuses;security.institutions;security.users","committee.agenda_items;committee.committee_member_roles;committee.meeting_minutes;committee.member_conflicts;committee.member_qualifications;committee.member_terms;committee.review_answers;committee.review_scores","committee.agenda_items;committee.attendance_logs;committee.committee_meetings;committee.committee_members;committee.committees;committee.meeting_agendas;committee.meeting_minutes;committee.member_conflicts;committee.member_qualifications;committee.member_terms;committee.review_answers;committee.review_assignments;committee.review_comments;committee.review_forms;committee.review_questions;committee.review_recommendations;committee.review_scores;committee.votes;committee.voting_sessions;core.applications;documents.document_audit;documents.document_signatures;documents.documents"
"committee","GET","/api/v1/committee/committees/:id","SERVICE","CommitteeService","getById","ApplicationRepository;CommitteeRepository;DocumentRepository;MeetingRepository;MemberRepository;ReviewRepository;VotingRepository","committee.agenda_items;committee.attendance_logs;committee.committee_meetings;committee.committee_member_roles;committee.committee_members;committee.committee_roles;committee.committee_types;committee.committees;committee.meeting_agendas;committee.meeting_minutes;committee.member_conflicts;committee.member_qualifications;committee.member_terms;committee.review_answers;committee.review_assignments;committee.review_comments;committee.review_forms;committee.review_questions;committee.review_recommendations;committee.review_scores;committee.votes;committee.voting_sessions;core.applications;core.projects;documents.document_classifications;documents.document_retention_rules;documents.document_signatures;documents.document_types;documents.documents;reference.application_statuses;security.institutions;security.users","committee.agenda_items;committee.committee_member_roles;committee.meeting_minutes;committee.member_conflicts;committee.member_qualifications;committee.member_terms;committee.review_answers;committee.review_scores","committee.agenda_items;committee.attendance_logs;committee.committee_meetings;committee.committee_members;committee.committees;committee.meeting_agendas;committee.meeting_minutes;committee.member_conflicts;committee.member_qualifications;committee.member_terms;committee.review_answers;committee.review_assignments;committee.review_comments;committee.review_forms;committee.review_questions;committee.review_recommendations;committee.review_scores;committee.votes;committee.voting_sessions;core.applications;documents.document_audit;documents.document_signatures;documents.documents"
"committee","GET","/api/v1/committee/committees/:id/members","SERVICE","CommitteeService","getMembers","ApplicationRepository;CommitteeRepository;DocumentRepository;MeetingRepository;MemberRepository;ReviewRepository;VotingRepository","committee.agenda_items;committee.attendance_logs;committee.committee_meetings;committee.committee_member_roles;committee.committee_members;committee.committee_roles;committee.committee_types;committee.committees;committee.meeting_agendas;committee.meeting_minutes;committee.member_conflicts;committee.member_qualifications;committee.member_terms;committee.review_answers;committee.review_assignments;committee.review_comments;committee.review_forms;committee.review_questions;committee.review_recommendations;committee.review_scores;committee.votes;committee.voting_sessions;core.applications;core.projects;documents.document_classifications;documents.document_retention_rules;documents.document_signatures;documents.document_types;documents.documents;reference.application_statuses;security.institutions;security.users","committee.agenda_items;committee.committee_member_roles;committee.meeting_minutes;committee.member_conflicts;committee.member_qualifications;committee.member_terms;committee.review_answers;committee.review_scores","committee.agenda_items;committee.attendance_logs;committee.committee_meetings;committee.committee_members;committee.committees;committee.meeting_agendas;committee.meeting_minutes;committee.member_conflicts;committee.member_qualifications;committee.member_terms;committee.review_answers;committee.review_assignments;committee.review_comments;committee.review_forms;committee.review_questions;committee.review_recommendations;committee.review_scores;committee.votes;committee.voting_sessions;core.applications;documents.document_audit;documents.document_signatures;documents.documents"
"committee","POST","/api/v1/committee/committees/:id/members","SERVICE","CommitteeService","addMember","ApplicationRepository;CommitteeRepository;DocumentRepository;MeetingRepository;MemberRepository;ReviewRepository;VotingRepository","committee.agenda_items;committee.attendance_logs;committee.committee_meetings;committee.committee_member_roles;committee.committee_members;committee.committee_roles;committee.committee_types;committee.committees;committee.meeting_agendas;committee.meeting_minutes;committee.member_conflicts;committee.member_qualifications;committee.member_terms;committee.review_answers;committee.review_assignments;committee.review_comments;committee.review_forms;committee.review_questions;committee.review_recommendations;committee.review_scores;committee.votes;committee.voting_sessions;core.applications;core.projects;documents.document_classifications;documents.document_retention_rules;documents.document_signatures;documents.document_types;documents.documents;reference.application_statuses;security.institutions;security.users","committee.agenda_items;committee.committee_member_roles;committee.meeting_minutes;committee.member_conflicts;committee.member_qualifications;committee.member_terms;committee.review_answers;committee.review_scores","committee.agenda_items;committee.attendance_logs;committee.committee_meetings;committee.committee_members;committee.committees;committee.meeting_agendas;committee.meeting_minutes;committee.member_conflicts;committee.member_qualifications;committee.member_terms;committee.review_answers;committee.review_assignments;committee.review_comments;committee.review_forms;committee.review_questions;committee.review_recommendations;committee.review_scores;committee.votes;committee.voting_sessions;core.applications;documents.document_audit;documents.document_signatures;documents.documents"
"committee","PUT","/api/v1/committee/committees/:id/members/:memberId","SERVICE","CommitteeService","updateMemberRole","ApplicationRepository;CommitteeRepository;DocumentRepository;MeetingRepository;MemberRepository;ReviewRepository;VotingRepository","committee.agenda_items;committee.attendance_logs;committee.committee_meetings;committee.committee_member_roles;committee.committee_members;committee.committee_roles;committee.committee_types;committee.committees;committee.meeting_agendas;committee.meeting_minutes;committee.member_conflicts;committee.member_qualifications;committee.member_terms;committee.review_answers;committee.review_assignments;committee.review_comments;committee.review_forms;committee.review_questions;committee.review_recommendations;committee.review_scores;committee.votes;committee.voting_sessions;core.applications;core.projects;documents.document_classifications;documents.document_retention_rules;documents.document_signatures;documents.document_types;documents.documents;reference.application_statuses;security.institutions;security.users","committee.agenda_items;committee.committee_member_roles;committee.meeting_minutes;committee.member_conflicts;committee.member_qualifications;committee.member_terms;committee.review_answers;committee.review_scores","committee.agenda_items;committee.attendance_logs;committee.committee_meetings;committee.committee_members;committee.committees;committee.meeting_agendas;committee.meeting_minutes;committee.member_conflicts;committee.member_qualifications;committee.member_terms;committee.review_answers;committee.review_assignments;committee.review_comments;committee.review_forms;committee.review_questions;committee.review_recommendations;committee.review_scores;committee.votes;committee.voting_sessions;core.applications;documents.document_audit;documents.document_signatures;documents.documents"
"committee","DELETE","/api/v1/committee/committees/:id/members/:memberId","SERVICE","CommitteeService","removeMember","ApplicationRepository;CommitteeRepository;DocumentRepository;MeetingRepository;MemberRepository;ReviewRepository;VotingRepository","committee.agenda_items;committee.attendance_logs;committee.committee_meetings;committee.committee_member_roles;committee.committee_members;committee.committee_roles;committee.committee_types;committee.committees;committee.meeting_agendas;committee.meeting_minutes;committee.member_conflicts;committee.member_qualifications;committee.member_terms;committee.review_answers;committee.review_assignments;committee.review_comments;committee.review_forms;committee.review_questions;committee.review_recommendations;committee.review_scores;committee.votes;committee.voting_sessions;core.applications;core.projects;documents.document_classifications;documents.document_retention_rules;documents.document_signatures;documents.document_types;documents.documents;reference.application_statuses;security.institutions;security.users","committee.agenda_items;committee.committee_member_roles;committee.meeting_minutes;committee.member_conflicts;committee.member_qualifications;committee.member_terms;committee.review_answers;committee.review_scores","committee.agenda_items;committee.attendance_logs;committee.committee_meetings;committee.committee_members;committee.committees;committee.meeting_agendas;committee.meeting_minutes;committee.member_conflicts;committee.member_qualifications;committee.member_terms;committee.review_answers;committee.review_assignments;committee.review_comments;committee.review_forms;committee.review_questions;committee.review_recommendations;committee.review_scores;committee.votes;committee.voting_sessions;core.applications;documents.document_audit;documents.document_signatures;documents.documents"
"committee","GET","/api/v1/committee/consent/templates","HANDLER","ConsentTemplateRepository;ConsentVersionRepository","(controller)","ConsentTemplateRepository;ConsentVersionRepository","committee.consent_template_versions;committee.consent_templates;core.application_consents","committee.consent_template_versions;committee.consent_templates;core.application_consents","committee.consent_template_versions;committee.consent_templates"
"committee","GET","/api/v1/committee/consent/templates/:id","HANDLER","ConsentTemplateRepository;ConsentVersionRepository","(controller)","ConsentTemplateRepository;ConsentVersionRepository","committee.consent_template_versions;committee.consent_templates;core.application_consents","committee.consent_template_versions;committee.consent_templates;core.application_consents","committee.consent_template_versions;committee.consent_templates"
"committee","POST","/api/v1/committee/consent/templates","HANDLER","ConsentTemplateRepository;ConsentVersionRepository","(controller)","ConsentTemplateRepository;ConsentVersionRepository","committee.consent_template_versions;committee.consent_templates;core.application_consents","committee.consent_template_versions;committee.consent_templates;core.application_consents","committee.consent_template_versions;committee.consent_templates"
"committee","PUT","/api/v1/committee/consent/templates/:id","HANDLER","ConsentTemplateRepository;ConsentVersionRepository","(controller)","ConsentTemplateRepository;ConsentVersionRepository","committee.consent_template_versions;committee.consent_templates;core.application_consents","committee.consent_template_versions;committee.consent_templates;core.application_consents","committee.consent_template_versions;committee.consent_templates"
"committee","DELETE","/api/v1/committee/consent/templates/:id","HANDLER","ConsentTemplateRepository;ConsentVersionRepository","(controller)","ConsentTemplateRepository;ConsentVersionRepository","committee.consent_template_versions;committee.consent_templates;core.application_consents","committee.consent_template_versions;committee.consent_templates;core.application_consents","committee.consent_template_versions;committee.consent_templates"
"committee","GET","/api/v1/committee/consent/templates/:templateId/versions","HANDLER","ConsentVersionRepository","(controller)","ConsentVersionRepository","committee.consent_template_versions;committee.consent_templates;core.application_consents","committee.consent_template_versions;committee.consent_templates;core.application_consents","committee.consent_template_versions"
"committee","GET","/api/v1/committee/consent/versions/:id","HANDLER","ConsentVersionRepository","(controller)","ConsentVersionRepository","committee.consent_template_versions;committee.consent_templates;core.application_consents","committee.consent_template_versions;committee.consent_templates;core.application_consents","committee.consent_template_versions"
"committee","POST","/api/v1/committee/consent/templates/:templateId/versions","HANDLER","ConsentVersionRepository","(controller)","ConsentVersionRepository","committee.consent_template_versions;committee.consent_templates;core.application_consents","committee.consent_template_versions;committee.consent_templates;core.application_consents","committee.consent_template_versions"
"committee","PUT","/api/v1/committee/consent/versions/:id","HANDLER","ConsentVersionRepository","(controller)","ConsentVersionRepository","committee.consent_template_versions;committee.consent_templates;core.application_consents","committee.consent_template_versions;committee.consent_templates;core.application_consents","committee.consent_template_versions"
"committee","POST","/api/v1/committee/consent/versions/:id/approve","HANDLER","ConsentVersionRepository","(controller)","ConsentVersionRepository","committee.consent_template_versions;committee.consent_templates;core.application_consents","committee.consent_template_versions;committee.consent_templates;core.application_consents","committee.consent_template_versions"
"committee","POST","/api/v1/committee/consent/versions/:id/retire","HANDLER","ConsentVersionRepository","(controller)","ConsentVersionRepository","committee.consent_template_versions;committee.consent_templates;core.application_consents","committee.consent_template_versions;committee.consent_templates;core.application_consents","committee.consent_template_versions"
"committee","DELETE","/api/v1/committee/consent/versions/:id","HANDLER","ConsentVersionRepository","(controller)","ConsentVersionRepository","committee.consent_template_versions;committee.consent_templates;core.application_consents","committee.consent_template_versions;committee.consent_templates;core.application_consents","committee.consent_template_versions"
"committee","GET","/api/v1/committee/consent/application-consents/:applicationId","HANDLER","ApplicationConsentRepository","(controller)","ApplicationConsentRepository","committee.consent_review_comments;committee.consent_template_versions;committee.consent_templates;committee.review_assignments;core.application_consents;security.users","committee.consent_review_comments;committee.consent_template_versions;committee.consent_templates;core.application_consents","core.application_consents"
"committee","POST","/api/v1/committee/consent/application-consents","HANDLER","ApplicationConsentRepository","(controller)","ApplicationConsentRepository","committee.consent_review_comments;committee.consent_template_versions;committee.consent_templates;committee.review_assignments;core.application_consents;security.users","committee.consent_review_comments;committee.consent_template_versions;committee.consent_templates;core.application_consents","core.application_consents"
"committee","PUT","/api/v1/committee/consent/application-consents/:id/replace-version","HANDLER","ApplicationConsentRepository","(controller)","ApplicationConsentRepository","committee.consent_review_comments;committee.consent_template_versions;committee.consent_templates;committee.review_assignments;core.application_consents;security.users","committee.consent_review_comments;committee.consent_template_versions;committee.consent_templates;core.application_consents","core.application_consents"
"committee","PUT","/api/v1/committee/consent/application-consents/:id/required","HANDLER","ApplicationConsentRepository","(controller)","ApplicationConsentRepository","committee.consent_review_comments;committee.consent_template_versions;committee.consent_templates;committee.review_assignments;core.application_consents;security.users","committee.consent_review_comments;committee.consent_template_versions;committee.consent_templates;core.application_consents","core.application_consents"
"committee","GET","/api/v1/committee/consent/reviews/:applicationConsentId","HANDLER","ConsentReviewRepository","(controller)","ConsentReviewRepository","committee.consent_review_comments;security.users","committee.consent_review_comments","committee.consent_review_comments"
"committee","POST","/api/v1/committee/consent/reviews","HANDLER","ConsentReviewRepository","(controller)","ConsentReviewRepository","committee.consent_review_comments;security.users","committee.consent_review_comments","committee.consent_review_comments"
"committee","PUT","/api/v1/committee/consent/reviews/:id","HANDLER","ConsentReviewRepository","(controller)","ConsentReviewRepository","committee.consent_review_comments;security.users","committee.consent_review_comments","committee.consent_review_comments"
"committee","DELETE","/api/v1/committee/consent/reviews/:id","HANDLER","ConsentReviewRepository","(controller)","ConsentReviewRepository","committee.consent_review_comments;security.users","committee.consent_review_comments","committee.consent_review_comments"
"committee","GET","/api/v1/committee/ethics-risk/categories","REPOSITORY","EthicsRiskRepository","getRiskCategories","EthicsRiskRepository","committee.ethics_risk_assessments;security.users;committee.ethics_risk_items;safety.risk_categories;core.applications;core.projects","committee.ethics_risk_assessments;committee.ethics_risk_items;safety.risk_categories","committee.ethics_risk_assessments;committee.ethics_risk_items"
"committee","GET","/api/v1/committee/ethics-risk/application/:applicationId","REPOSITORY","EthicsRiskRepository","getAssessment","EthicsRiskRepository","committee.ethics_risk_assessments;security.users;committee.ethics_risk_items;safety.risk_categories;core.applications;core.projects","committee.ethics_risk_assessments;committee.ethics_risk_items;safety.risk_categories","committee.ethics_risk_assessments;committee.ethics_risk_items"
"committee","GET","/api/v1/committee/ethics-risk/my","REPOSITORY","EthicsRiskRepository","getAssessmentsByReviewer","EthicsRiskRepository","committee.ethics_risk_assessments;security.users;committee.ethics_risk_items;safety.risk_categories;core.applications;core.projects","committee.ethics_risk_assessments;committee.ethics_risk_items;safety.risk_categories","committee.ethics_risk_assessments;committee.ethics_risk_items"
"committee","POST","/api/v1/committee/ethics-risk/","REPOSITORY","EthicsRiskRepository","createAssessment","EthicsRiskRepository","committee.ethics_risk_assessments;security.users;committee.ethics_risk_items;safety.risk_categories;core.applications;core.projects","committee.ethics_risk_assessments;committee.ethics_risk_items;safety.risk_categories","committee.ethics_risk_assessments;committee.ethics_risk_items"
"committee","PUT","/api/v1/committee/ethics-risk/:id","REPOSITORY","EthicsRiskRepository","updateAssessment","EthicsRiskRepository","committee.ethics_risk_assessments;security.users;committee.ethics_risk_items;safety.risk_categories;core.applications;core.projects","committee.ethics_risk_assessments;committee.ethics_risk_items;safety.risk_categories","committee.ethics_risk_assessments;committee.ethics_risk_items"
"committee","DELETE","/api/v1/committee/ethics-risk/:id","REPOSITORY","EthicsRiskRepository","softDelete","EthicsRiskRepository","committee.ethics_risk_assessments;security.users;committee.ethics_risk_items;safety.risk_categories;core.applications;core.projects","committee.ethics_risk_assessments;committee.ethics_risk_items;safety.risk_categories","committee.ethics_risk_assessments;committee.ethics_risk_items"
"committee","POST","/api/v1/committee/ethics-risk/:assessmentId/items","REPOSITORY","EthicsRiskRepository","addRiskItem","EthicsRiskRepository","committee.ethics_risk_assessments;security.users;committee.ethics_risk_items;safety.risk_categories;core.applications;core.projects","committee.ethics_risk_assessments;committee.ethics_risk_items;safety.risk_categories","committee.ethics_risk_assessments;committee.ethics_risk_items"
"committee","PUT","/api/v1/committee/ethics-risk/items/:itemId","REPOSITORY","EthicsRiskRepository","updateRiskItem","EthicsRiskRepository","committee.ethics_risk_assessments;security.users;committee.ethics_risk_items;safety.risk_categories;core.applications;core.projects","committee.ethics_risk_assessments;committee.ethics_risk_items;safety.risk_categories","committee.ethics_risk_assessments;committee.ethics_risk_items"
"committee","DELETE","/api/v1/committee/ethics-risk/items/:itemId","REPOSITORY","EthicsRiskRepository","deleteRiskItem","EthicsRiskRepository","committee.ethics_risk_assessments;security.users;committee.ethics_risk_items;safety.risk_categories;core.applications;core.projects","committee.ethics_risk_assessments;committee.ethics_risk_items;safety.risk_categories","committee.ethics_risk_assessments;committee.ethics_risk_items"
"committee","GET","/api/v1/committee/meetings/committee/:committeeId","SERVICE","CommitteeService","getMeetings","ApplicationRepository;CommitteeRepository;DocumentRepository;MeetingRepository;MemberRepository;ReviewRepository;VotingRepository","committee.agenda_items;committee.attendance_logs;committee.committee_meetings;committee.committee_member_roles;committee.committee_members;committee.committee_roles;committee.committee_types;committee.committees;committee.meeting_agendas;committee.meeting_minutes;committee.member_conflicts;committee.member_qualifications;committee.member_terms;committee.review_answers;committee.review_assignments;committee.review_comments;committee.review_forms;committee.review_questions;committee.review_recommendations;committee.review_scores;committee.votes;committee.voting_sessions;core.applications;core.projects;documents.document_classifications;documents.document_retention_rules;documents.document_signatures;documents.document_types;documents.documents;reference.application_statuses;security.institutions;security.users","committee.agenda_items;committee.committee_member_roles;committee.meeting_minutes;committee.member_conflicts;committee.member_qualifications;committee.member_terms;committee.review_answers;committee.review_scores","committee.agenda_items;committee.attendance_logs;committee.committee_meetings;committee.committee_members;committee.committees;committee.meeting_agendas;committee.meeting_minutes;committee.member_conflicts;committee.member_qualifications;committee.member_terms;committee.review_answers;committee.review_assignments;committee.review_comments;committee.review_forms;committee.review_questions;committee.review_recommendations;committee.review_scores;committee.votes;committee.voting_sessions;core.applications;documents.document_audit;documents.document_signatures;documents.documents"
"committee","POST","/api/v1/committee/meetings/","SERVICE","CommitteeService","createMeeting","ApplicationRepository;CommitteeRepository;DocumentRepository;MeetingRepository;MemberRepository;ReviewRepository;VotingRepository","committee.agenda_items;committee.attendance_logs;committee.committee_meetings;committee.committee_member_roles;committee.committee_members;committee.committee_roles;committee.committee_types;committee.committees;committee.meeting_agendas;committee.meeting_minutes;committee.member_conflicts;committee.member_qualifications;committee.member_terms;committee.review_answers;committee.review_assignments;committee.review_comments;committee.review_forms;committee.review_questions;committee.review_recommendations;committee.review_scores;committee.votes;committee.voting_sessions;core.applications;core.projects;documents.document_classifications;documents.document_retention_rules;documents.document_signatures;documents.document_types;documents.documents;reference.application_statuses;security.institutions;security.users","committee.agenda_items;committee.committee_member_roles;committee.meeting_minutes;committee.member_conflicts;committee.member_qualifications;committee.member_terms;committee.review_answers;committee.review_scores","committee.agenda_items;committee.attendance_logs;committee.committee_meetings;committee.committee_members;committee.committees;committee.meeting_agendas;committee.meeting_minutes;committee.member_conflicts;committee.member_qualifications;committee.member_terms;committee.review_answers;committee.review_assignments;committee.review_comments;committee.review_forms;committee.review_questions;committee.review_recommendations;committee.review_scores;committee.votes;committee.voting_sessions;core.applications;documents.document_audit;documents.document_signatures;documents.documents"
"committee","POST","/api/v1/committee/meetings/:id/quorum","SERVICE","CommitteeService","getQuorum","ApplicationRepository;CommitteeRepository;DocumentRepository;MeetingRepository;MemberRepository;ReviewRepository;VotingRepository","committee.agenda_items;committee.attendance_logs;committee.committee_meetings;committee.committee_member_roles;committee.committee_members;committee.committee_roles;committee.committee_types;committee.committees;committee.meeting_agendas;committee.meeting_minutes;committee.member_conflicts;committee.member_qualifications;committee.member_terms;committee.review_answers;committee.review_assignments;committee.review_comments;committee.review_forms;committee.review_questions;committee.review_recommendations;committee.review_scores;committee.votes;committee.voting_sessions;core.applications;core.projects;documents.document_classifications;documents.document_retention_rules;documents.document_signatures;documents.document_types;documents.documents;reference.application_statuses;security.institutions;security.users","committee.agenda_items;committee.committee_member_roles;committee.meeting_minutes;committee.member_conflicts;committee.member_qualifications;committee.member_terms;committee.review_answers;committee.review_scores","committee.agenda_items;committee.attendance_logs;committee.committee_meetings;committee.committee_members;committee.committees;committee.meeting_agendas;committee.meeting_minutes;committee.member_conflicts;committee.member_qualifications;committee.member_terms;committee.review_answers;committee.review_assignments;committee.review_comments;committee.review_forms;committee.review_questions;committee.review_recommendations;committee.review_scores;committee.votes;committee.voting_sessions;core.applications;documents.document_audit;documents.document_signatures;documents.documents"
"committee","GET","/api/v1/committee/meetings/:id","SERVICE","CommitteeService","getMeeting","ApplicationRepository;CommitteeRepository;DocumentRepository;MeetingRepository;MemberRepository;ReviewRepository;VotingRepository","committee.agenda_items;committee.attendance_logs;committee.committee_meetings;committee.committee_member_roles;committee.committee_members;committee.committee_roles;committee.committee_types;committee.committees;committee.meeting_agendas;committee.meeting_minutes;committee.member_conflicts;committee.member_qualifications;committee.member_terms;committee.review_answers;committee.review_assignments;committee.review_comments;committee.review_forms;committee.review_questions;committee.review_recommendations;committee.review_scores;committee.votes;committee.voting_sessions;core.applications;core.projects;documents.document_classifications;documents.document_retention_rules;documents.document_signatures;documents.document_types;documents.documents;reference.application_statuses;security.institutions;security.users","committee.agenda_items;committee.committee_member_roles;committee.meeting_minutes;committee.member_conflicts;committee.member_qualifications;committee.member_terms;committee.review_answers;committee.review_scores","committee.agenda_items;committee.attendance_logs;committee.committee_meetings;committee.committee_members;committee.committees;committee.meeting_agendas;committee.meeting_minutes;committee.member_conflicts;committee.member_qualifications;committee.member_terms;committee.review_answers;committee.review_assignments;committee.review_comments;committee.review_forms;committee.review_questions;committee.review_recommendations;committee.review_scores;committee.votes;committee.voting_sessions;core.applications;documents.document_audit;documents.document_signatures;documents.documents"
"committee","GET","/api/v1/committee/meetings/:id/agenda","SERVICE","CommitteeService","getAgenda","ApplicationRepository;CommitteeRepository;DocumentRepository;MeetingRepository;MemberRepository;ReviewRepository;VotingRepository","committee.agenda_items;committee.attendance_logs;committee.committee_meetings;committee.committee_member_roles;committee.committee_members;committee.committee_roles;committee.committee_types;committee.committees;committee.meeting_agendas;committee.meeting_minutes;committee.member_conflicts;committee.member_qualifications;committee.member_terms;committee.review_answers;committee.review_assignments;committee.review_comments;committee.review_forms;committee.review_questions;committee.review_recommendations;committee.review_scores;committee.votes;committee.voting_sessions;core.applications;core.projects;documents.document_classifications;documents.document_retention_rules;documents.document_signatures;documents.document_types;documents.documents;reference.application_statuses;security.institutions;security.users","committee.agenda_items;committee.committee_member_roles;committee.meeting_minutes;committee.member_conflicts;committee.member_qualifications;committee.member_terms;committee.review_answers;committee.review_scores","committee.agenda_items;committee.attendance_logs;committee.committee_meetings;committee.committee_members;committee.committees;committee.meeting_agendas;committee.meeting_minutes;committee.member_conflicts;committee.member_qualifications;committee.member_terms;committee.review_answers;committee.review_assignments;committee.review_comments;committee.review_forms;committee.review_questions;committee.review_recommendations;committee.review_scores;committee.votes;committee.voting_sessions;core.applications;documents.document_audit;documents.document_signatures;documents.documents"
"committee","POST","/api/v1/committee/meetings/:id/agenda","SERVICE","CommitteeService","createAgenda","ApplicationRepository;CommitteeRepository;DocumentRepository;MeetingRepository;MemberRepository;ReviewRepository;VotingRepository","committee.agenda_items;committee.attendance_logs;committee.committee_meetings;committee.committee_member_roles;committee.committee_members;committee.committee_roles;committee.committee_types;committee.committees;committee.meeting_agendas;committee.meeting_minutes;committee.member_conflicts;committee.member_qualifications;committee.member_terms;committee.review_answers;committee.review_assignments;committee.review_comments;committee.review_forms;committee.review_questions;committee.review_recommendations;committee.review_scores;committee.votes;committee.voting_sessions;core.applications;core.projects;documents.document_classifications;documents.document_retention_rules;documents.document_signatures;documents.document_types;documents.documents;reference.application_statuses;security.institutions;security.users","committee.agenda_items;committee.committee_member_roles;committee.meeting_minutes;committee.member_conflicts;committee.member_qualifications;committee.member_terms;committee.review_answers;committee.review_scores","committee.agenda_items;committee.attendance_logs;committee.committee_meetings;committee.committee_members;committee.committees;committee.meeting_agendas;committee.meeting_minutes;committee.member_conflicts;committee.member_qualifications;committee.member_terms;committee.review_answers;committee.review_assignments;committee.review_comments;committee.review_forms;committee.review_questions;committee.review_recommendations;committee.review_scores;committee.votes;committee.voting_sessions;core.applications;documents.document_audit;documents.document_signatures;documents.documents"
"committee","POST","/api/v1/committee/meetings/:id/agenda/:agendaId/items","SERVICE","CommitteeService","addAgendaItem","ApplicationRepository;CommitteeRepository;DocumentRepository;MeetingRepository;MemberRepository;ReviewRepository;VotingRepository","committee.agenda_items;committee.attendance_logs;committee.committee_meetings;committee.committee_member_roles;committee.committee_members;committee.committee_roles;committee.committee_types;committee.committees;committee.meeting_agendas;committee.meeting_minutes;committee.member_conflicts;committee.member_qualifications;committee.member_terms;committee.review_answers;committee.review_assignments;committee.review_comments;committee.review_forms;committee.review_questions;committee.review_recommendations;committee.review_scores;committee.votes;committee.voting_sessions;core.applications;core.projects;documents.document_classifications;documents.document_retention_rules;documents.document_signatures;documents.document_types;documents.documents;reference.application_statuses;security.institutions;security.users","committee.agenda_items;committee.committee_member_roles;committee.meeting_minutes;committee.member_conflicts;committee.member_qualifications;committee.member_terms;committee.review_answers;committee.review_scores","committee.agenda_items;committee.attendance_logs;committee.committee_meetings;committee.committee_members;committee.committees;committee.meeting_agendas;committee.meeting_minutes;committee.member_conflicts;committee.member_qualifications;committee.member_terms;committee.review_answers;committee.review_assignments;committee.review_comments;committee.review_forms;committee.review_questions;committee.review_recommendations;committee.review_scores;committee.votes;committee.voting_sessions;core.applications;documents.document_audit;documents.document_signatures;documents.documents"
"committee","GET","/api/v1/committee/meetings/:id/attendance","SERVICE","CommitteeService","getAttendance","ApplicationRepository;CommitteeRepository;DocumentRepository;MeetingRepository;MemberRepository;ReviewRepository;VotingRepository","committee.agenda_items;committee.attendance_logs;committee.committee_meetings;committee.committee_member_roles;committee.committee_members;committee.committee_roles;committee.committee_types;committee.committees;committee.meeting_agendas;committee.meeting_minutes;committee.member_conflicts;committee.member_qualifications;committee.member_terms;committee.review_answers;committee.review_assignments;committee.review_comments;committee.review_forms;committee.review_questions;committee.review_recommendations;committee.review_scores;committee.votes;committee.voting_sessions;core.applications;core.projects;documents.document_classifications;documents.document_retention_rules;documents.document_signatures;documents.document_types;documents.documents;reference.application_statuses;security.institutions;security.users","committee.agenda_items;committee.committee_member_roles;committee.meeting_minutes;committee.member_conflicts;committee.member_qualifications;committee.member_terms;committee.review_answers;committee.review_scores","committee.agenda_items;committee.attendance_logs;committee.committee_meetings;committee.committee_members;committee.committees;committee.meeting_agendas;committee.meeting_minutes;committee.member_conflicts;committee.member_qualifications;committee.member_terms;committee.review_answers;committee.review_assignments;committee.review_comments;committee.review_forms;committee.review_questions;committee.review_recommendations;committee.review_scores;committee.votes;committee.voting_sessions;core.applications;documents.document_audit;documents.document_signatures;documents.documents"
"committee","POST","/api/v1/committee/meetings/:id/attendance","SERVICE","CommitteeService","addAttendance","ApplicationRepository;CommitteeRepository;DocumentRepository;MeetingRepository;MemberRepository;ReviewRepository;VotingRepository","committee.agenda_items;committee.attendance_logs;committee.committee_meetings;committee.committee_member_roles;committee.committee_members;committee.committee_roles;committee.committee_types;committee.committees;committee.meeting_agendas;committee.meeting_minutes;committee.member_conflicts;committee.member_qualifications;committee.member_terms;committee.review_answers;committee.review_assignments;committee.review_comments;committee.review_forms;committee.review_questions;committee.review_recommendations;committee.review_scores;committee.votes;committee.voting_sessions;core.applications;core.projects;documents.document_classifications;documents.document_retention_rules;documents.document_signatures;documents.document_types;documents.documents;reference.application_statuses;security.institutions;security.users","committee.agenda_items;committee.committee_member_roles;committee.meeting_minutes;committee.member_conflicts;committee.member_qualifications;committee.member_terms;committee.review_answers;committee.review_scores","committee.agenda_items;committee.attendance_logs;committee.committee_meetings;committee.committee_members;committee.committees;committee.meeting_agendas;committee.meeting_minutes;committee.member_conflicts;committee.member_qualifications;committee.member_terms;committee.review_answers;committee.review_assignments;committee.review_comments;committee.review_forms;committee.review_questions;committee.review_recommendations;committee.review_scores;committee.votes;committee.voting_sessions;core.applications;documents.document_audit;documents.document_signatures;documents.documents"
"committee","GET","/api/v1/committee/meetings/:id/minutes","SERVICE","CommitteeService","getMinutes","ApplicationRepository;CommitteeRepository;DocumentRepository;MeetingRepository;MemberRepository;ReviewRepository;VotingRepository","committee.agenda_items;committee.attendance_logs;committee.committee_meetings;committee.committee_member_roles;committee.committee_members;committee.committee_roles;committee.committee_types;committee.committees;committee.meeting_agendas;committee.meeting_minutes;committee.member_conflicts;committee.member_qualifications;committee.member_terms;committee.review_answers;committee.review_assignments;committee.review_comments;committee.review_forms;committee.review_questions;committee.review_recommendations;committee.review_scores;committee.votes;committee.voting_sessions;core.applications;core.projects;documents.document_classifications;documents.document_retention_rules;documents.document_signatures;documents.document_types;documents.documents;reference.application_statuses;security.institutions;security.users","committee.agenda_items;committee.committee_member_roles;committee.meeting_minutes;committee.member_conflicts;committee.member_qualifications;committee.member_terms;committee.review_answers;committee.review_scores","committee.agenda_items;committee.attendance_logs;committee.committee_meetings;committee.committee_members;committee.committees;committee.meeting_agendas;committee.meeting_minutes;committee.member_conflicts;committee.member_qualifications;committee.member_terms;committee.review_answers;committee.review_assignments;committee.review_comments;committee.review_forms;committee.review_questions;committee.review_recommendations;committee.review_scores;committee.votes;committee.voting_sessions;core.applications;documents.document_audit;documents.document_signatures;documents.documents"
"committee","POST","/api/v1/committee/meetings/:id/minutes","SERVICE","CommitteeService","createMinutes","ApplicationRepository;CommitteeRepository;DocumentRepository;MeetingRepository;MemberRepository;ReviewRepository;VotingRepository","committee.agenda_items;committee.attendance_logs;committee.committee_meetings;committee.committee_member_roles;committee.committee_members;committee.committee_roles;committee.committee_types;committee.committees;committee.meeting_agendas;committee.meeting_minutes;committee.member_conflicts;committee.member_qualifications;committee.member_terms;committee.review_answers;committee.review_assignments;committee.review_comments;committee.review_forms;committee.review_questions;committee.review_recommendations;committee.review_scores;committee.votes;committee.voting_sessions;core.applications;core.projects;documents.document_classifications;documents.document_retention_rules;documents.document_signatures;documents.document_types;documents.documents;reference.application_statuses;security.institutions;security.users","committee.agenda_items;committee.committee_member_roles;committee.meeting_minutes;committee.member_conflicts;committee.member_qualifications;committee.member_terms;committee.review_answers;committee.review_scores","committee.agenda_items;committee.attendance_logs;committee.committee_meetings;committee.committee_members;committee.committees;committee.meeting_agendas;committee.meeting_minutes;committee.member_conflicts;committee.member_qualifications;committee.member_terms;committee.review_answers;committee.review_assignments;committee.review_comments;committee.review_forms;committee.review_questions;committee.review_recommendations;committee.review_scores;committee.votes;committee.voting_sessions;core.applications;documents.document_audit;documents.document_signatures;documents.documents"
"committee","PATCH","/api/v1/committee/meetings/:id/minutes/:minutesId/approve","SERVICE","CommitteeService","approveMinutes","ApplicationRepository;CommitteeRepository;DocumentRepository;MeetingRepository;MemberRepository;ReviewRepository;VotingRepository","committee.agenda_items;committee.attendance_logs;committee.committee_meetings;committee.committee_member_roles;committee.committee_members;committee.committee_roles;committee.committee_types;committee.committees;committee.meeting_agendas;committee.meeting_minutes;committee.member_conflicts;committee.member_qualifications;committee.member_terms;committee.review_answers;committee.review_assignments;committee.review_comments;committee.review_forms;committee.review_questions;committee.review_recommendations;committee.review_scores;committee.votes;committee.voting_sessions;core.applications;core.projects;documents.document_classifications;documents.document_retention_rules;documents.document_signatures;documents.document_types;documents.documents;reference.application_statuses;security.institutions;security.users","committee.agenda_items;committee.committee_member_roles;committee.meeting_minutes;committee.member_conflicts;committee.member_qualifications;committee.member_terms;committee.review_answers;committee.review_scores","committee.agenda_items;committee.attendance_logs;committee.committee_meetings;committee.committee_members;committee.committees;committee.meeting_agendas;committee.meeting_minutes;committee.member_conflicts;committee.member_qualifications;committee.member_terms;committee.review_answers;committee.review_assignments;committee.review_comments;committee.review_forms;committee.review_questions;committee.review_recommendations;committee.review_scores;committee.votes;committee.voting_sessions;core.applications;documents.document_audit;documents.document_signatures;documents.documents"
"committee","POST","/api/v1/committee/meetings/:id","SERVICE","CommitteeService","updateMeeting","ApplicationRepository;CommitteeRepository;DocumentRepository;MeetingRepository;MemberRepository;ReviewRepository;VotingRepository","committee.agenda_items;committee.attendance_logs;committee.committee_meetings;committee.committee_member_roles;committee.committee_members;committee.committee_roles;committee.committee_types;committee.committees;committee.meeting_agendas;committee.meeting_minutes;committee.member_conflicts;committee.member_qualifications;committee.member_terms;committee.review_answers;committee.review_assignments;committee.review_comments;committee.review_forms;committee.review_questions;committee.review_recommendations;committee.review_scores;committee.votes;committee.voting_sessions;core.applications;core.projects;documents.document_classifications;documents.document_retention_rules;documents.document_signatures;documents.document_types;documents.documents;reference.application_statuses;security.institutions;security.users","committee.agenda_items;committee.committee_member_roles;committee.meeting_minutes;committee.member_conflicts;committee.member_qualifications;committee.member_terms;committee.review_answers;committee.review_scores","committee.agenda_items;committee.attendance_logs;committee.committee_meetings;committee.committee_members;committee.committees;committee.meeting_agendas;committee.meeting_minutes;committee.member_conflicts;committee.member_qualifications;committee.member_terms;committee.review_answers;committee.review_assignments;committee.review_comments;committee.review_forms;committee.review_questions;committee.review_recommendations;committee.review_scores;committee.votes;committee.voting_sessions;core.applications;documents.document_audit;documents.document_signatures;documents.documents"
"committee","GET","/api/v1/committee/meetings/:id/committee-members","SERVICE","CommitteeService","getCommitteeMembers","ApplicationRepository;CommitteeRepository;DocumentRepository;MeetingRepository;MemberRepository;ReviewRepository;VotingRepository","committee.agenda_items;committee.attendance_logs;committee.committee_meetings;committee.committee_member_roles;committee.committee_members;committee.committee_roles;committee.committee_types;committee.committees;committee.meeting_agendas;committee.meeting_minutes;committee.member_conflicts;committee.member_qualifications;committee.member_terms;committee.review_answers;committee.review_assignments;committee.review_comments;committee.review_forms;committee.review_questions;committee.review_recommendations;committee.review_scores;committee.votes;committee.voting_sessions;core.applications;core.projects;documents.document_classifications;documents.document_retention_rules;documents.document_signatures;documents.document_types;documents.documents;reference.application_statuses;security.institutions;security.users","committee.agenda_items;committee.committee_member_roles;committee.meeting_minutes;committee.member_conflicts;committee.member_qualifications;committee.member_terms;committee.review_answers;committee.review_scores","committee.agenda_items;committee.attendance_logs;committee.committee_meetings;committee.committee_members;committee.committees;committee.meeting_agendas;committee.meeting_minutes;committee.member_conflicts;committee.member_qualifications;committee.member_terms;committee.review_answers;committee.review_assignments;committee.review_comments;committee.review_forms;committee.review_questions;committee.review_recommendations;committee.review_scores;committee.votes;committee.voting_sessions;core.applications;documents.document_audit;documents.document_signatures;documents.documents"
"committee","GET","/api/v1/committee/members/:memberId/terms","SERVICE","CommitteeService","getTerms","ApplicationRepository;CommitteeRepository;DocumentRepository;MeetingRepository;MemberRepository;ReviewRepository;VotingRepository","committee.agenda_items;committee.attendance_logs;committee.committee_meetings;committee.committee_member_roles;committee.committee_members;committee.committee_roles;committee.committee_types;committee.committees;committee.meeting_agendas;committee.meeting_minutes;committee.member_conflicts;committee.member_qualifications;committee.member_terms;committee.review_answers;committee.review_assignments;committee.review_comments;committee.review_forms;committee.review_questions;committee.review_recommendations;committee.review_scores;committee.votes;committee.voting_sessions;core.applications;core.projects;documents.document_classifications;documents.document_retention_rules;documents.document_signatures;documents.document_types;documents.documents;reference.application_statuses;security.institutions;security.users","committee.agenda_items;committee.committee_member_roles;committee.meeting_minutes;committee.member_conflicts;committee.member_qualifications;committee.member_terms;committee.review_answers;committee.review_scores","committee.agenda_items;committee.attendance_logs;committee.committee_meetings;committee.committee_members;committee.committees;committee.meeting_agendas;committee.meeting_minutes;committee.member_conflicts;committee.member_qualifications;committee.member_terms;committee.review_answers;committee.review_assignments;committee.review_comments;committee.review_forms;committee.review_questions;committee.review_recommendations;committee.review_scores;committee.votes;committee.voting_sessions;core.applications;documents.document_audit;documents.document_signatures;documents.documents"
"committee","POST","/api/v1/committee/members/:memberId/terms","SERVICE","CommitteeService","createTerm","ApplicationRepository;CommitteeRepository;DocumentRepository;MeetingRepository;MemberRepository;ReviewRepository;VotingRepository","committee.agenda_items;committee.attendance_logs;committee.committee_meetings;committee.committee_member_roles;committee.committee_members;committee.committee_roles;committee.committee_types;committee.committees;committee.meeting_agendas;committee.meeting_minutes;committee.member_conflicts;committee.member_qualifications;committee.member_terms;committee.review_answers;committee.review_assignments;committee.review_comments;committee.review_forms;committee.review_questions;committee.review_recommendations;committee.review_scores;committee.votes;committee.voting_sessions;core.applications;core.projects;documents.document_classifications;documents.document_retention_rules;documents.document_signatures;documents.document_types;documents.documents;reference.application_statuses;security.institutions;security.users","committee.agenda_items;committee.committee_member_roles;committee.meeting_minutes;committee.member_conflicts;committee.member_qualifications;committee.member_terms;committee.review_answers;committee.review_scores","committee.agenda_items;committee.attendance_logs;committee.committee_meetings;committee.committee_members;committee.committees;committee.meeting_agendas;committee.meeting_minutes;committee.member_conflicts;committee.member_qualifications;committee.member_terms;committee.review_answers;committee.review_assignments;committee.review_comments;committee.review_forms;committee.review_questions;committee.review_recommendations;committee.review_scores;committee.votes;committee.voting_sessions;core.applications;documents.document_audit;documents.document_signatures;documents.documents"
"committee","GET","/api/v1/committee/members/:memberId/qualifications","SERVICE","CommitteeService","getQualifications","ApplicationRepository;CommitteeRepository;DocumentRepository;MeetingRepository;MemberRepository;ReviewRepository;VotingRepository","committee.agenda_items;committee.attendance_logs;committee.committee_meetings;committee.committee_member_roles;committee.committee_members;committee.committee_roles;committee.committee_types;committee.committees;committee.meeting_agendas;committee.meeting_minutes;committee.member_conflicts;committee.member_qualifications;committee.member_terms;committee.review_answers;committee.review_assignments;committee.review_comments;committee.review_forms;committee.review_questions;committee.review_recommendations;committee.review_scores;committee.votes;committee.voting_sessions;core.applications;core.projects;documents.document_classifications;documents.document_retention_rules;documents.document_signatures;documents.document_types;documents.documents;reference.application_statuses;security.institutions;security.users","committee.agenda_items;committee.committee_member_roles;committee.meeting_minutes;committee.member_conflicts;committee.member_qualifications;committee.member_terms;committee.review_answers;committee.review_scores","committee.agenda_items;committee.attendance_logs;committee.committee_meetings;committee.committee_members;committee.committees;committee.meeting_agendas;committee.meeting_minutes;committee.member_conflicts;committee.member_qualifications;committee.member_terms;committee.review_answers;committee.review_assignments;committee.review_comments;committee.review_forms;committee.review_questions;committee.review_recommendations;committee.review_scores;committee.votes;committee.voting_sessions;core.applications;documents.document_audit;documents.document_signatures;documents.documents"
"committee","POST","/api/v1/committee/members/:memberId/qualifications","SERVICE","CommitteeService","createQualification","ApplicationRepository;CommitteeRepository;DocumentRepository;MeetingRepository;MemberRepository;ReviewRepository;VotingRepository","committee.agenda_items;committee.attendance_logs;committee.committee_meetings;committee.committee_member_roles;committee.committee_members;committee.committee_roles;committee.committee_types;committee.committees;committee.meeting_agendas;committee.meeting_minutes;committee.member_conflicts;committee.member_qualifications;committee.member_terms;committee.review_answers;committee.review_assignments;committee.review_comments;committee.review_forms;committee.review_questions;committee.review_recommendations;committee.review_scores;committee.votes;committee.voting_sessions;core.applications;core.projects;documents.document_classifications;documents.document_retention_rules;documents.document_signatures;documents.document_types;documents.documents;reference.application_statuses;security.institutions;security.users","committee.agenda_items;committee.committee_member_roles;committee.meeting_minutes;committee.member_conflicts;committee.member_qualifications;committee.member_terms;committee.review_answers;committee.review_scores","committee.agenda_items;committee.attendance_logs;committee.committee_meetings;committee.committee_members;committee.committees;committee.meeting_agendas;committee.meeting_minutes;committee.member_conflicts;committee.member_qualifications;committee.member_terms;committee.review_answers;committee.review_assignments;committee.review_comments;committee.review_forms;committee.review_questions;committee.review_recommendations;committee.review_scores;committee.votes;committee.voting_sessions;core.applications;documents.document_audit;documents.document_signatures;documents.documents"
"committee","GET","/api/v1/committee/members/:memberId/conflicts","SERVICE","CommitteeService","getConflicts","ApplicationRepository;CommitteeRepository;DocumentRepository;MeetingRepository;MemberRepository;ReviewRepository;VotingRepository","committee.agenda_items;committee.attendance_logs;committee.committee_meetings;committee.committee_member_roles;committee.committee_members;committee.committee_roles;committee.committee_types;committee.committees;committee.meeting_agendas;committee.meeting_minutes;committee.member_conflicts;committee.member_qualifications;committee.member_terms;committee.review_answers;committee.review_assignments;committee.review_comments;committee.review_forms;committee.review_questions;committee.review_recommendations;committee.review_scores;committee.votes;committee.voting_sessions;core.applications;core.projects;documents.document_classifications;documents.document_retention_rules;documents.document_signatures;documents.document_types;documents.documents;reference.application_statuses;security.institutions;security.users","committee.agenda_items;committee.committee_member_roles;committee.meeting_minutes;committee.member_conflicts;committee.member_qualifications;committee.member_terms;committee.review_answers;committee.review_scores","committee.agenda_items;committee.attendance_logs;committee.committee_meetings;committee.committee_members;committee.committees;committee.meeting_agendas;committee.meeting_minutes;committee.member_conflicts;committee.member_qualifications;committee.member_terms;committee.review_answers;committee.review_assignments;committee.review_comments;committee.review_forms;committee.review_questions;committee.review_recommendations;committee.review_scores;committee.votes;committee.voting_sessions;core.applications;documents.document_audit;documents.document_signatures;documents.documents"
"committee","POST","/api/v1/committee/members/:memberId/conflicts","SERVICE","CommitteeService","createConflict","ApplicationRepository;CommitteeRepository;DocumentRepository;MeetingRepository;MemberRepository;ReviewRepository;VotingRepository","committee.agenda_items;committee.attendance_logs;committee.committee_meetings;committee.committee_member_roles;committee.committee_members;committee.committee_roles;committee.committee_types;committee.committees;committee.meeting_agendas;committee.meeting_minutes;committee.member_conflicts;committee.member_qualifications;committee.member_terms;committee.review_answers;committee.review_assignments;committee.review_comments;committee.review_forms;committee.review_questions;committee.review_recommendations;committee.review_scores;committee.votes;committee.voting_sessions;core.applications;core.projects;documents.document_classifications;documents.document_retention_rules;documents.document_signatures;documents.document_types;documents.documents;reference.application_statuses;security.institutions;security.users","committee.agenda_items;committee.committee_member_roles;committee.meeting_minutes;committee.member_conflicts;committee.member_qualifications;committee.member_terms;committee.review_answers;committee.review_scores","committee.agenda_items;committee.attendance_logs;committee.committee_meetings;committee.committee_members;committee.committees;committee.meeting_agendas;committee.meeting_minutes;committee.member_conflicts;committee.member_qualifications;committee.member_terms;committee.review_answers;committee.review_assignments;committee.review_comments;committee.review_forms;committee.review_questions;committee.review_recommendations;committee.review_scores;committee.votes;committee.voting_sessions;core.applications;documents.document_audit;documents.document_signatures;documents.documents"
"committee","GET","/api/v1/committee/reviews/my","SERVICE","CommitteeService","getMyReviews","ApplicationRepository;CommitteeRepository;DocumentRepository;MeetingRepository;MemberRepository;ReviewRepository;VotingRepository","committee.agenda_items;committee.attendance_logs;committee.committee_meetings;committee.committee_member_roles;committee.committee_members;committee.committee_roles;committee.committee_types;committee.committees;committee.meeting_agendas;committee.meeting_minutes;committee.member_conflicts;committee.member_qualifications;committee.member_terms;committee.review_answers;committee.review_assignments;committee.review_comments;committee.review_forms;committee.review_questions;committee.review_recommendations;committee.review_scores;committee.votes;committee.voting_sessions;core.applications;core.projects;documents.document_classifications;documents.document_retention_rules;documents.document_signatures;documents.document_types;documents.documents;reference.application_statuses;security.institutions;security.users","committee.agenda_items;committee.committee_member_roles;committee.meeting_minutes;committee.member_conflicts;committee.member_qualifications;committee.member_terms;committee.review_answers;committee.review_scores","committee.agenda_items;committee.attendance_logs;committee.committee_meetings;committee.committee_members;committee.committees;committee.meeting_agendas;committee.meeting_minutes;committee.member_conflicts;committee.member_qualifications;committee.member_terms;committee.review_answers;committee.review_assignments;committee.review_comments;committee.review_forms;committee.review_questions;committee.review_recommendations;committee.review_scores;committee.votes;committee.voting_sessions;core.applications;documents.document_audit;documents.document_signatures;documents.documents"
"committee","POST","/api/v1/committee/reviews/assign","SERVICE","CommitteeService","assignReview","ApplicationRepository;CommitteeRepository;DocumentRepository;MeetingRepository;MemberRepository;ReviewRepository;VotingRepository","committee.agenda_items;committee.attendance_logs;committee.committee_meetings;committee.committee_member_roles;committee.committee_members;committee.committee_roles;committee.committee_types;committee.committees;committee.meeting_agendas;committee.meeting_minutes;committee.member_conflicts;committee.member_qualifications;committee.member_terms;committee.review_answers;committee.review_assignments;committee.review_comments;committee.review_forms;committee.review_questions;committee.review_recommendations;committee.review_scores;committee.votes;committee.voting_sessions;core.applications;core.projects;documents.document_classifications;documents.document_retention_rules;documents.document_signatures;documents.document_types;documents.documents;reference.application_statuses;security.institutions;security.users","committee.agenda_items;committee.committee_member_roles;committee.meeting_minutes;committee.member_conflicts;committee.member_qualifications;committee.member_terms;committee.review_answers;committee.review_scores","committee.agenda_items;committee.attendance_logs;committee.committee_meetings;committee.committee_members;committee.committees;committee.meeting_agendas;committee.meeting_minutes;committee.member_conflicts;committee.member_qualifications;committee.member_terms;committee.review_answers;committee.review_assignments;committee.review_comments;committee.review_forms;committee.review_questions;committee.review_recommendations;committee.review_scores;committee.votes;committee.voting_sessions;core.applications;documents.document_audit;documents.document_signatures;documents.documents"
"committee","GET","/api/v1/committee/reviews/application/:applicationId","SERVICE","CommitteeService","getApplicationReviews","ApplicationRepository;CommitteeRepository;DocumentRepository;MeetingRepository;MemberRepository;ReviewRepository;VotingRepository","committee.agenda_items;committee.attendance_logs;committee.committee_meetings;committee.committee_member_roles;committee.committee_members;committee.committee_roles;committee.committee_types;committee.committees;committee.meeting_agendas;committee.meeting_minutes;committee.member_conflicts;committee.member_qualifications;committee.member_terms;committee.review_answers;committee.review_assignments;committee.review_comments;committee.review_forms;committee.review_questions;committee.review_recommendations;committee.review_scores;committee.votes;committee.voting_sessions;core.applications;core.projects;documents.document_classifications;documents.document_retention_rules;documents.document_signatures;documents.document_types;documents.documents;reference.application_statuses;security.institutions;security.users","committee.agenda_items;committee.committee_member_roles;committee.meeting_minutes;committee.member_conflicts;committee.member_qualifications;committee.member_terms;committee.review_answers;committee.review_scores","committee.agenda_items;committee.attendance_logs;committee.committee_meetings;committee.committee_members;committee.committees;committee.meeting_agendas;committee.meeting_minutes;committee.member_conflicts;committee.member_qualifications;committee.member_terms;committee.review_answers;committee.review_assignments;committee.review_comments;committee.review_forms;committee.review_questions;committee.review_recommendations;committee.review_scores;committee.votes;committee.voting_sessions;core.applications;documents.document_audit;documents.document_signatures;documents.documents"
"committee","GET","/api/v1/committee/reviews/application/:applicationId/recommendations","SERVICE","CommitteeService","getRecommendations","ApplicationRepository;CommitteeRepository;DocumentRepository;MeetingRepository;MemberRepository;ReviewRepository;VotingRepository","committee.agenda_items;committee.attendance_logs;committee.committee_meetings;committee.committee_member_roles;committee.committee_members;committee.committee_roles;committee.committee_types;committee.committees;committee.meeting_agendas;committee.meeting_minutes;committee.member_conflicts;committee.member_qualifications;committee.member_terms;committee.review_answers;committee.review_assignments;committee.review_comments;committee.review_forms;committee.review_questions;committee.review_recommendations;committee.review_scores;committee.votes;committee.voting_sessions;core.applications;core.projects;documents.document_classifications;documents.document_retention_rules;documents.document_signatures;documents.document_types;documents.documents;reference.application_statuses;security.institutions;security.users","committee.agenda_items;committee.committee_member_roles;committee.meeting_minutes;committee.member_conflicts;committee.member_qualifications;committee.member_terms;committee.review_answers;committee.review_scores","committee.agenda_items;committee.attendance_logs;committee.committee_meetings;committee.committee_members;committee.committees;committee.meeting_agendas;committee.meeting_minutes;committee.member_conflicts;committee.member_qualifications;committee.member_terms;committee.review_answers;committee.review_assignments;committee.review_comments;committee.review_forms;committee.review_questions;committee.review_recommendations;committee.review_scores;committee.votes;committee.voting_sessions;core.applications;documents.document_audit;documents.document_signatures;documents.documents"
"committee","GET","/api/v1/committee/reviews/application/:applicationId/comments","SERVICE","CommitteeService","getComments","ApplicationRepository;CommitteeRepository;DocumentRepository;MeetingRepository;MemberRepository;ReviewRepository;VotingRepository","committee.agenda_items;committee.attendance_logs;committee.committee_meetings;committee.committee_member_roles;committee.committee_members;committee.committee_roles;committee.committee_types;committee.committees;committee.meeting_agendas;committee.meeting_minutes;committee.member_conflicts;committee.member_qualifications;committee.member_terms;committee.review_answers;committee.review_assignments;committee.review_comments;committee.review_forms;committee.review_questions;committee.review_recommendations;committee.review_scores;committee.votes;committee.voting_sessions;core.applications;core.projects;documents.document_classifications;documents.document_retention_rules;documents.document_signatures;documents.document_types;documents.documents;reference.application_statuses;security.institutions;security.users","committee.agenda_items;committee.committee_member_roles;committee.meeting_minutes;committee.member_conflicts;committee.member_qualifications;committee.member_terms;committee.review_answers;committee.review_scores","committee.agenda_items;committee.attendance_logs;committee.committee_meetings;committee.committee_members;committee.committees;committee.meeting_agendas;committee.meeting_minutes;committee.member_conflicts;committee.member_qualifications;committee.member_terms;committee.review_answers;committee.review_assignments;committee.review_comments;committee.review_forms;committee.review_questions;committee.review_recommendations;committee.review_scores;committee.votes;committee.voting_sessions;core.applications;documents.document_audit;documents.document_signatures;documents.documents"
"committee","POST","/api/v1/committee/reviews/:assignmentId/submit","SERVICE","CommitteeService","submitReview","ApplicationRepository;CommitteeRepository;DocumentRepository;MeetingRepository;MemberRepository;ReviewRepository;VotingRepository","committee.agenda_items;committee.attendance_logs;committee.committee_meetings;committee.committee_member_roles;committee.committee_members;committee.committee_roles;committee.committee_types;committee.committees;committee.meeting_agendas;committee.meeting_minutes;committee.member_conflicts;committee.member_qualifications;committee.member_terms;committee.review_answers;committee.review_assignments;committee.review_comments;committee.review_forms;committee.review_questions;committee.review_recommendations;committee.review_scores;committee.votes;committee.voting_sessions;core.applications;core.projects;documents.document_classifications;documents.document_retention_rules;documents.document_signatures;documents.document_types;documents.documents;reference.application_statuses;security.institutions;security.users","committee.agenda_items;committee.committee_member_roles;committee.meeting_minutes;committee.member_conflicts;committee.member_qualifications;committee.member_terms;committee.review_answers;committee.review_scores","committee.agenda_items;committee.attendance_logs;committee.committee_meetings;committee.committee_members;committee.committees;committee.meeting_agendas;committee.meeting_minutes;committee.member_conflicts;committee.member_qualifications;committee.member_terms;committee.review_answers;committee.review_assignments;committee.review_comments;committee.review_forms;committee.review_questions;committee.review_recommendations;committee.review_scores;committee.votes;committee.voting_sessions;core.applications;documents.document_audit;documents.document_signatures;documents.documents"
"committee","GET","/api/v1/committee/reviews/forms","SERVICE","CommitteeService","getForms","ApplicationRepository;CommitteeRepository;DocumentRepository;MeetingRepository;MemberRepository;ReviewRepository;VotingRepository","committee.agenda_items;committee.attendance_logs;committee.committee_meetings;committee.committee_member_roles;committee.committee_members;committee.committee_roles;committee.committee_types;committee.committees;committee.meeting_agendas;committee.meeting_minutes;committee.member_conflicts;committee.member_qualifications;committee.member_terms;committee.review_answers;committee.review_assignments;committee.review_comments;committee.review_forms;committee.review_questions;committee.review_recommendations;committee.review_scores;committee.votes;committee.voting_sessions;core.applications;core.projects;documents.document_classifications;documents.document_retention_rules;documents.document_signatures;documents.document_types;documents.documents;reference.application_statuses;security.institutions;security.users","committee.agenda_items;committee.committee_member_roles;committee.meeting_minutes;committee.member_conflicts;committee.member_qualifications;committee.member_terms;committee.review_answers;committee.review_scores","committee.agenda_items;committee.attendance_logs;committee.committee_meetings;committee.committee_members;committee.committees;committee.meeting_agendas;committee.meeting_minutes;committee.member_conflicts;committee.member_qualifications;committee.member_terms;committee.review_answers;committee.review_assignments;committee.review_comments;committee.review_forms;committee.review_questions;committee.review_recommendations;committee.review_scores;committee.votes;committee.voting_sessions;core.applications;documents.document_audit;documents.document_signatures;documents.documents"
"committee","POST","/api/v1/committee/reviews/forms","SERVICE","CommitteeService","createForm","ApplicationRepository;CommitteeRepository;DocumentRepository;MeetingRepository;MemberRepository;ReviewRepository;VotingRepository","committee.agenda_items;committee.attendance_logs;committee.committee_meetings;committee.committee_member_roles;committee.committee_members;committee.committee_roles;committee.committee_types;committee.committees;committee.meeting_agendas;committee.meeting_minutes;committee.member_conflicts;committee.member_qualifications;committee.member_terms;committee.review_answers;committee.review_assignments;committee.review_comments;committee.review_forms;committee.review_questions;committee.review_recommendations;committee.review_scores;committee.votes;committee.voting_sessions;core.applications;core.projects;documents.document_classifications;documents.document_retention_rules;documents.document_signatures;documents.document_types;documents.documents;reference.application_statuses;security.institutions;security.users","committee.agenda_items;committee.committee_member_roles;committee.meeting_minutes;committee.member_conflicts;committee.member_qualifications;committee.member_terms;committee.review_answers;committee.review_scores","committee.agenda_items;committee.attendance_logs;committee.committee_meetings;committee.committee_members;committee.committees;committee.meeting_agendas;committee.meeting_minutes;committee.member_conflicts;committee.member_qualifications;committee.member_terms;committee.review_answers;committee.review_assignments;committee.review_comments;committee.review_forms;committee.review_questions;committee.review_recommendations;committee.review_scores;committee.votes;committee.voting_sessions;core.applications;documents.document_audit;documents.document_signatures;documents.documents"
"committee","GET","/api/v1/committee/reviews/forms/:formId/questions","SERVICE","CommitteeService","getQuestions","ApplicationRepository;CommitteeRepository;DocumentRepository;MeetingRepository;MemberRepository;ReviewRepository;VotingRepository","committee.agenda_items;committee.attendance_logs;committee.committee_meetings;committee.committee_member_roles;committee.committee_members;committee.committee_roles;committee.committee_types;committee.committees;committee.meeting_agendas;committee.meeting_minutes;committee.member_conflicts;committee.member_qualifications;committee.member_terms;committee.review_answers;committee.review_assignments;committee.review_comments;committee.review_forms;committee.review_questions;committee.review_recommendations;committee.review_scores;committee.votes;committee.voting_sessions;core.applications;core.projects;documents.document_classifications;documents.document_retention_rules;documents.document_signatures;documents.document_types;documents.documents;reference.application_statuses;security.institutions;security.users","committee.agenda_items;committee.committee_member_roles;committee.meeting_minutes;committee.member_conflicts;committee.member_qualifications;committee.member_terms;committee.review_answers;committee.review_scores","committee.agenda_items;committee.attendance_logs;committee.committee_meetings;committee.committee_members;committee.committees;committee.meeting_agendas;committee.meeting_minutes;committee.member_conflicts;committee.member_qualifications;committee.member_terms;committee.review_answers;committee.review_assignments;committee.review_comments;committee.review_forms;committee.review_questions;committee.review_recommendations;committee.review_scores;committee.votes;committee.voting_sessions;core.applications;documents.document_audit;documents.document_signatures;documents.documents"
"committee","POST","/api/v1/committee/reviews/forms/:formId/questions","SERVICE","CommitteeService","addQuestion","ApplicationRepository;CommitteeRepository;DocumentRepository;MeetingRepository;MemberRepository;ReviewRepository;VotingRepository","committee.agenda_items;committee.attendance_logs;committee.committee_meetings;committee.committee_member_roles;committee.committee_members;committee.committee_roles;committee.committee_types;committee.committees;committee.meeting_agendas;committee.meeting_minutes;committee.member_conflicts;committee.member_qualifications;committee.member_terms;committee.review_answers;committee.review_assignments;committee.review_comments;committee.review_forms;committee.review_questions;committee.review_recommendations;committee.review_scores;committee.votes;committee.voting_sessions;core.applications;core.projects;documents.document_classifications;documents.document_retention_rules;documents.document_signatures;documents.document_types;documents.documents;reference.application_statuses;security.institutions;security.users","committee.agenda_items;committee.committee_member_roles;committee.meeting_minutes;committee.member_conflicts;committee.member_qualifications;committee.member_terms;committee.review_answers;committee.review_scores","committee.agenda_items;committee.attendance_logs;committee.committee_meetings;committee.committee_members;committee.committees;committee.meeting_agendas;committee.meeting_minutes;committee.member_conflicts;committee.member_qualifications;committee.member_terms;committee.review_answers;committee.review_assignments;committee.review_comments;committee.review_forms;committee.review_questions;committee.review_recommendations;committee.review_scores;committee.votes;committee.voting_sessions;core.applications;documents.document_audit;documents.document_signatures;documents.documents"
"committee","DELETE","/api/v1/committee/reviews/forms/:formId/questions/:questionId","SERVICE","CommitteeService","deleteQuestion","ApplicationRepository;CommitteeRepository;DocumentRepository;MeetingRepository;MemberRepository;ReviewRepository;VotingRepository","committee.agenda_items;committee.attendance_logs;committee.committee_meetings;committee.committee_member_roles;committee.committee_members;committee.committee_roles;committee.committee_types;committee.committees;committee.meeting_agendas;committee.meeting_minutes;committee.member_conflicts;committee.member_qualifications;committee.member_terms;committee.review_answers;committee.review_assignments;committee.review_comments;committee.review_forms;committee.review_questions;committee.review_recommendations;committee.review_scores;committee.votes;committee.voting_sessions;core.applications;core.projects;documents.document_classifications;documents.document_retention_rules;documents.document_signatures;documents.document_types;documents.documents;reference.application_statuses;security.institutions;security.users","committee.agenda_items;committee.committee_member_roles;committee.meeting_minutes;committee.member_conflicts;committee.member_qualifications;committee.member_terms;committee.review_answers;committee.review_scores","committee.agenda_items;committee.attendance_logs;committee.committee_meetings;committee.committee_members;committee.committees;committee.meeting_agendas;committee.meeting_minutes;committee.member_conflicts;committee.member_qualifications;committee.member_terms;committee.review_answers;committee.review_assignments;committee.review_comments;committee.review_forms;committee.review_questions;committee.review_recommendations;committee.review_scores;committee.votes;committee.voting_sessions;core.applications;documents.document_audit;documents.document_signatures;documents.documents"
"committee","GET","/api/v1/committee/reviews/assignment/:assignmentId/answers","SERVICE","CommitteeService","getAnswers","ApplicationRepository;CommitteeRepository;DocumentRepository;MeetingRepository;MemberRepository;ReviewRepository;VotingRepository","committee.agenda_items;committee.attendance_logs;committee.committee_meetings;committee.committee_member_roles;committee.committee_members;committee.committee_roles;committee.committee_types;committee.committees;committee.meeting_agendas;committee.meeting_minutes;committee.member_conflicts;committee.member_qualifications;committee.member_terms;committee.review_answers;committee.review_assignments;committee.review_comments;committee.review_forms;committee.review_questions;committee.review_recommendations;committee.review_scores;committee.votes;committee.voting_sessions;core.applications;core.projects;documents.document_classifications;documents.document_retention_rules;documents.document_signatures;documents.document_types;documents.documents;reference.application_statuses;security.institutions;security.users","committee.agenda_items;committee.committee_member_roles;committee.meeting_minutes;committee.member_conflicts;committee.member_qualifications;committee.member_terms;committee.review_answers;committee.review_scores","committee.agenda_items;committee.attendance_logs;committee.committee_meetings;committee.committee_members;committee.committees;committee.meeting_agendas;committee.meeting_minutes;committee.member_conflicts;committee.member_qualifications;committee.member_terms;committee.review_answers;committee.review_assignments;committee.review_comments;committee.review_forms;committee.review_questions;committee.review_recommendations;committee.review_scores;committee.votes;committee.voting_sessions;core.applications;documents.document_audit;documents.document_signatures;documents.documents"
"committee","GET","/api/v1/committee/reviews/assignment/:assignmentId/score","SERVICE","CommitteeService","getScore","ApplicationRepository;CommitteeRepository;DocumentRepository;MeetingRepository;MemberRepository;ReviewRepository;VotingRepository","committee.agenda_items;committee.attendance_logs;committee.committee_meetings;committee.committee_member_roles;committee.committee_members;committee.committee_roles;committee.committee_types;committee.committees;committee.meeting_agendas;committee.meeting_minutes;committee.member_conflicts;committee.member_qualifications;committee.member_terms;committee.review_answers;committee.review_assignments;committee.review_comments;committee.review_forms;committee.review_questions;committee.review_recommendations;committee.review_scores;committee.votes;committee.voting_sessions;core.applications;core.projects;documents.document_classifications;documents.document_retention_rules;documents.document_signatures;documents.document_types;documents.documents;reference.application_statuses;security.institutions;security.users","committee.agenda_items;committee.committee_member_roles;committee.meeting_minutes;committee.member_conflicts;committee.member_qualifications;committee.member_terms;committee.review_answers;committee.review_scores","committee.agenda_items;committee.attendance_logs;committee.committee_meetings;committee.committee_members;committee.committees;committee.meeting_agendas;committee.meeting_minutes;committee.member_conflicts;committee.member_qualifications;committee.member_terms;committee.review_answers;committee.review_assignments;committee.review_comments;committee.review_forms;committee.review_questions;committee.review_recommendations;committee.review_scores;committee.votes;committee.voting_sessions;core.applications;documents.document_audit;documents.document_signatures;documents.documents"
"committee","GET","/api/v1/committee/voting/meeting/:meetingId","SERVICE","CommitteeService","getVotingSessions","ApplicationRepository;CommitteeRepository;DocumentRepository;MeetingRepository;MemberRepository;ReviewRepository;VotingRepository","committee.agenda_items;committee.attendance_logs;committee.committee_meetings;committee.committee_member_roles;committee.committee_members;committee.committee_roles;committee.committee_types;committee.committees;committee.meeting_agendas;committee.meeting_minutes;committee.member_conflicts;committee.member_qualifications;committee.member_terms;committee.review_answers;committee.review_assignments;committee.review_comments;committee.review_forms;committee.review_questions;committee.review_recommendations;committee.review_scores;committee.votes;committee.voting_sessions;core.applications;core.projects;documents.document_classifications;documents.document_retention_rules;documents.document_signatures;documents.document_types;documents.documents;reference.application_statuses;security.institutions;security.users","committee.agenda_items;committee.committee_member_roles;committee.meeting_minutes;committee.member_conflicts;committee.member_qualifications;committee.member_terms;committee.review_answers;committee.review_scores","committee.agenda_items;committee.attendance_logs;committee.committee_meetings;committee.committee_members;committee.committees;committee.meeting_agendas;committee.meeting_minutes;committee.member_conflicts;committee.member_qualifications;committee.member_terms;committee.review_answers;committee.review_assignments;committee.review_comments;committee.review_forms;committee.review_questions;committee.review_recommendations;committee.review_scores;committee.votes;committee.voting_sessions;core.applications;documents.document_audit;documents.document_signatures;documents.documents"
"committee","POST","/api/v1/committee/voting/sessions","SERVICE","CommitteeService","createVotingSession","ApplicationRepository;CommitteeRepository;DocumentRepository;MeetingRepository;MemberRepository;ReviewRepository;VotingRepository","committee.agenda_items;committee.attendance_logs;committee.committee_meetings;committee.committee_member_roles;committee.committee_members;committee.committee_roles;committee.committee_types;committee.committees;committee.meeting_agendas;committee.meeting_minutes;committee.member_conflicts;committee.member_qualifications;committee.member_terms;committee.review_answers;committee.review_assignments;committee.review_comments;committee.review_forms;committee.review_questions;committee.review_recommendations;committee.review_scores;committee.votes;committee.voting_sessions;core.applications;core.projects;documents.document_classifications;documents.document_retention_rules;documents.document_signatures;documents.document_types;documents.documents;reference.application_statuses;security.institutions;security.users","committee.agenda_items;committee.committee_member_roles;committee.meeting_minutes;committee.member_conflicts;committee.member_qualifications;committee.member_terms;committee.review_answers;committee.review_scores","committee.agenda_items;committee.attendance_logs;committee.committee_meetings;committee.committee_members;committee.committees;committee.meeting_agendas;committee.meeting_minutes;committee.member_conflicts;committee.member_qualifications;committee.member_terms;committee.review_answers;committee.review_assignments;committee.review_comments;committee.review_forms;committee.review_questions;committee.review_recommendations;committee.review_scores;committee.votes;committee.voting_sessions;core.applications;documents.document_audit;documents.document_signatures;documents.documents"
"committee","GET","/api/v1/committee/voting/sessions/:id","SERVICE","CommitteeService","getVotingSession","ApplicationRepository;CommitteeRepository;DocumentRepository;MeetingRepository;MemberRepository;ReviewRepository;VotingRepository","committee.agenda_items;committee.attendance_logs;committee.committee_meetings;committee.committee_member_roles;committee.committee_members;committee.committee_roles;committee.committee_types;committee.committees;committee.meeting_agendas;committee.meeting_minutes;committee.member_conflicts;committee.member_qualifications;committee.member_terms;committee.review_answers;committee.review_assignments;committee.review_comments;committee.review_forms;committee.review_questions;committee.review_recommendations;committee.review_scores;committee.votes;committee.voting_sessions;core.applications;core.projects;documents.document_classifications;documents.document_retention_rules;documents.document_signatures;documents.document_types;documents.documents;reference.application_statuses;security.institutions;security.users","committee.agenda_items;committee.committee_member_roles;committee.meeting_minutes;committee.member_conflicts;committee.member_qualifications;committee.member_terms;committee.review_answers;committee.review_scores","committee.agenda_items;committee.attendance_logs;committee.committee_meetings;committee.committee_members;committee.committees;committee.meeting_agendas;committee.meeting_minutes;committee.member_conflicts;committee.member_qualifications;committee.member_terms;committee.review_answers;committee.review_assignments;committee.review_comments;committee.review_forms;committee.review_questions;committee.review_recommendations;committee.review_scores;committee.votes;committee.voting_sessions;core.applications;documents.document_audit;documents.document_signatures;documents.documents"
"committee","POST","/api/v1/committee/voting/sessions/:id/vote","SERVICE","CommitteeService","castVote","ApplicationRepository;CommitteeRepository;DocumentRepository;MeetingRepository;MemberRepository;ReviewRepository;VotingRepository","committee.agenda_items;committee.attendance_logs;committee.committee_meetings;committee.committee_member_roles;committee.committee_members;committee.committee_roles;committee.committee_types;committee.committees;committee.meeting_agendas;committee.meeting_minutes;committee.member_conflicts;committee.member_qualifications;committee.member_terms;committee.review_answers;committee.review_assignments;committee.review_comments;committee.review_forms;committee.review_questions;committee.review_recommendations;committee.review_scores;committee.votes;committee.voting_sessions;core.applications;core.projects;documents.document_classifications;documents.document_retention_rules;documents.document_signatures;documents.document_types;documents.documents;reference.application_statuses;security.institutions;security.users","committee.agenda_items;committee.committee_member_roles;committee.meeting_minutes;committee.member_conflicts;committee.member_qualifications;committee.member_terms;committee.review_answers;committee.review_scores","committee.agenda_items;committee.attendance_logs;committee.committee_meetings;committee.committee_members;committee.committees;committee.meeting_agendas;committee.meeting_minutes;committee.member_conflicts;committee.member_qualifications;committee.member_terms;committee.review_answers;committee.review_assignments;committee.review_comments;committee.review_forms;committee.review_questions;committee.review_recommendations;committee.review_scores;committee.votes;committee.voting_sessions;core.applications;documents.document_audit;documents.document_signatures;documents.documents"
"committee","POST","/api/v1/committee/voting/sessions/:id/close","SERVICE","CommitteeService","closeVotingSession","ApplicationRepository;CommitteeRepository;DocumentRepository;MeetingRepository;MemberRepository;ReviewRepository;VotingRepository","committee.agenda_items;committee.attendance_logs;committee.committee_meetings;committee.committee_member_roles;committee.committee_members;committee.committee_roles;committee.committee_types;committee.committees;committee.meeting_agendas;committee.meeting_minutes;committee.member_conflicts;committee.member_qualifications;committee.member_terms;committee.review_answers;committee.review_assignments;committee.review_comments;committee.review_forms;committee.review_questions;committee.review_recommendations;committee.review_scores;committee.votes;committee.voting_sessions;core.applications;core.projects;documents.document_classifications;documents.document_retention_rules;documents.document_signatures;documents.document_types;documents.documents;reference.application_statuses;security.institutions;security.users","committee.agenda_items;committee.committee_member_roles;committee.meeting_minutes;committee.member_conflicts;committee.member_qualifications;committee.member_terms;committee.review_answers;committee.review_scores","committee.agenda_items;committee.attendance_logs;committee.committee_meetings;committee.committee_members;committee.committees;committee.meeting_agendas;committee.meeting_minutes;committee.member_conflicts;committee.member_qualifications;committee.member_terms;committee.review_answers;committee.review_assignments;committee.review_comments;committee.review_forms;committee.review_questions;committee.review_recommendations;committee.review_scores;committee.votes;committee.voting_sessions;core.applications;documents.document_audit;documents.document_signatures;documents.documents"
"communication","GET","/api/v1/communication/messages","SERVICE","CommunicationService","getMessages","CommunicationRepository;NotificationRepository","communication.message_attachments;communication.message_recipients;communication.messages;communication.notifications;security.users","communication.message_attachments","communication.message_attachments;communication.message_recipients;communication.messages;communication.notification_logs;communication.notifications"
"communication","GET","/api/v1/communication/messages/unread-count","SERVICE","CommunicationService","getUnreadCount","CommunicationRepository;NotificationRepository","communication.message_attachments;communication.message_recipients;communication.messages;communication.notifications;security.users","communication.message_attachments","communication.message_attachments;communication.message_recipients;communication.messages;communication.notification_logs;communication.notifications"
"communication","GET","/api/v1/communication/messages/:id","SERVICE","CommunicationService","getMessageById","CommunicationRepository;NotificationRepository","communication.message_attachments;communication.message_recipients;communication.messages;communication.notifications;security.users","communication.message_attachments","communication.message_attachments;communication.message_recipients;communication.messages;communication.notification_logs;communication.notifications"
"communication","POST","/api/v1/communication/messages","SERVICE","CommunicationService","createMessage","CommunicationRepository;NotificationRepository","communication.message_attachments;communication.message_recipients;communication.messages;communication.notifications;security.users","communication.message_attachments","communication.message_attachments;communication.message_recipients;communication.messages;communication.notification_logs;communication.notifications"
"communication","DELETE","/api/v1/communication/messages/:id","SERVICE","CommunicationService","deleteMessage","CommunicationRepository;NotificationRepository","communication.message_attachments;communication.message_recipients;communication.messages;communication.notifications;security.users","communication.message_attachments","communication.message_attachments;communication.message_recipients;communication.messages;communication.notification_logs;communication.notifications"
"communication","GET","/api/v1/communication/messages/:id/attachments/:attachmentId","SERVICE","CommunicationService","getAttachment","CommunicationRepository;NotificationRepository","communication.message_attachments;communication.message_recipients;communication.messages;communication.notifications;security.users","communication.message_attachments","communication.message_attachments;communication.message_recipients;communication.messages;communication.notification_logs;communication.notifications"
"communication","GET","/api/v1/communication/users/search","SERVICE","CommunicationService","searchUsers","CommunicationRepository;NotificationRepository","communication.message_attachments;communication.message_recipients;communication.messages;communication.notifications;security.users","communication.message_attachments","communication.message_attachments;communication.message_recipients;communication.messages;communication.notification_logs;communication.notifications"
"communication","GET","/api/v1/communication/notifications/unread-count","SERVICE","CommunicationService","getNotificationUnreadCount","CommunicationRepository;NotificationRepository","communication.message_attachments;communication.message_recipients;communication.messages;communication.notifications;security.users","communication.message_attachments","communication.message_attachments;communication.message_recipients;communication.messages;communication.notification_logs;communication.notifications"
"communication","GET","/api/v1/communication/notifications","SERVICE","CommunicationService","getNotifications","CommunicationRepository;NotificationRepository","communication.message_attachments;communication.message_recipients;communication.messages;communication.notifications;security.users","communication.message_attachments","communication.message_attachments;communication.message_recipients;communication.messages;communication.notification_logs;communication.notifications"
"communication","PATCH","/api/v1/communication/notifications/:id/read","SERVICE","CommunicationService","markNotificationRead","CommunicationRepository;NotificationRepository","communication.message_attachments;communication.message_recipients;communication.messages;communication.notifications;security.users","communication.message_attachments","communication.message_attachments;communication.message_recipients;communication.messages;communication.notification_logs;communication.notifications"
"communication","PATCH","/api/v1/communication/notifications/read-all","SERVICE","CommunicationService","markAllNotificationsRead","CommunicationRepository;NotificationRepository","communication.message_attachments;communication.message_recipients;communication.messages;communication.notifications;security.users","communication.message_attachments","communication.message_attachments;communication.message_recipients;communication.messages;communication.notification_logs;communication.notifications"
"communication","DELETE","/api/v1/communication/notifications/:id","SERVICE","CommunicationService","deleteNotification","CommunicationRepository;NotificationRepository","communication.message_attachments;communication.message_recipients;communication.messages;communication.notifications;security.users","communication.message_attachments","communication.message_attachments;communication.message_recipients;communication.messages;communication.notification_logs;communication.notifications"
"communication","GET","/api/v1/communication/notifications/stream","HANDLER","(unknown)","(controller)","(unknown)","","",""
"core","GET","/api/v1/core/applications/","SERVICE","ApplicationService","getAll","ApplicationRepository;CertificateRepository;ConditionRepository;DocumentRepository","committee.application_conditions;committee.committee_members;committee.committees;core.applications;core.projects;documents.approval_certificate_documents;documents.approval_certificates;documents.document_classifications;documents.document_retention_rules;documents.document_signatures;documents.document_types;documents.documents;documents.templates;reference.application_statuses;security.institutions;security.roles;security.user_roles;security.users","documents.approval_certificate_documents","committee.application_conditions;core.applications;documents.approval_certificate_documents;documents.approval_certificates;documents.certificate_verification_log;documents.document_audit;documents.document_signatures;documents.documents"
"core","GET","/api/v1/core/applications/:id","SERVICE","ApplicationService","getById","ApplicationRepository;CertificateRepository;ConditionRepository;DocumentRepository","committee.application_conditions;committee.committee_members;committee.committees;core.applications;core.projects;documents.approval_certificate_documents;documents.approval_certificates;documents.document_classifications;documents.document_retention_rules;documents.document_signatures;documents.document_types;documents.documents;documents.templates;reference.application_statuses;security.institutions;security.roles;security.user_roles;security.users","documents.approval_certificate_documents","committee.application_conditions;core.applications;documents.approval_certificate_documents;documents.approval_certificates;documents.certificate_verification_log;documents.document_audit;documents.document_signatures;documents.documents"
"core","POST","/api/v1/core/applications/","SERVICE","ApplicationService","create","ApplicationRepository;CertificateRepository;ConditionRepository;DocumentRepository","committee.application_conditions;committee.committee_members;committee.committees;core.applications;core.projects;documents.approval_certificate_documents;documents.approval_certificates;documents.document_classifications;documents.document_retention_rules;documents.document_signatures;documents.document_types;documents.documents;documents.templates;reference.application_statuses;security.institutions;security.roles;security.user_roles;security.users","documents.approval_certificate_documents","committee.application_conditions;core.applications;documents.approval_certificate_documents;documents.approval_certificates;documents.certificate_verification_log;documents.document_audit;documents.document_signatures;documents.documents"
"core","PUT","/api/v1/core/applications/:id","SERVICE","ApplicationService","updateDraft","ApplicationRepository;CertificateRepository;ConditionRepository;DocumentRepository","committee.application_conditions;committee.committee_members;committee.committees;core.applications;core.projects;documents.approval_certificate_documents;documents.approval_certificates;documents.document_classifications;documents.document_retention_rules;documents.document_signatures;documents.document_types;documents.documents;documents.templates;reference.application_statuses;security.institutions;security.roles;security.user_roles;security.users","documents.approval_certificate_documents","committee.application_conditions;core.applications;documents.approval_certificate_documents;documents.approval_certificates;documents.certificate_verification_log;documents.document_audit;documents.document_signatures;documents.documents"
"core","PATCH","/api/v1/core/applications/:id/status","SERVICE","ApplicationService","updateStatus","ApplicationRepository;CertificateRepository;ConditionRepository;DocumentRepository","committee.application_conditions;committee.committee_members;committee.committees;core.applications;core.projects;documents.approval_certificate_documents;documents.approval_certificates;documents.document_classifications;documents.document_retention_rules;documents.document_signatures;documents.document_types;documents.documents;documents.templates;reference.application_statuses;security.institutions;security.roles;security.user_roles;security.users","documents.approval_certificate_documents","committee.application_conditions;core.applications;documents.approval_certificate_documents;documents.approval_certificates;documents.certificate_verification_log;documents.document_audit;documents.document_signatures;documents.documents"
"core","POST","/api/v1/core/applications/:id/withdraw","SERVICE","ApplicationService","withdrawApplication","ApplicationRepository;CertificateRepository;ConditionRepository;DocumentRepository","committee.application_conditions;committee.committee_members;committee.committees;core.applications;core.projects;documents.approval_certificate_documents;documents.approval_certificates;documents.document_classifications;documents.document_retention_rules;documents.document_signatures;documents.document_types;documents.documents;documents.templates;reference.application_statuses;security.institutions;security.roles;security.user_roles;security.users","documents.approval_certificate_documents","committee.application_conditions;core.applications;documents.approval_certificate_documents;documents.approval_certificates;documents.certificate_verification_log;documents.document_audit;documents.document_signatures;documents.documents"
"core","POST","/api/v1/core/applications/:id/appeal","SERVICE","ApplicationService","appealDecision","ApplicationRepository;CertificateRepository;ConditionRepository;DocumentRepository","committee.application_conditions;committee.committee_members;committee.committees;core.applications;core.projects;documents.approval_certificate_documents;documents.approval_certificates;documents.document_classifications;documents.document_retention_rules;documents.document_signatures;documents.document_types;documents.documents;documents.templates;reference.application_statuses;security.institutions;security.roles;security.user_roles;security.users","documents.approval_certificate_documents","committee.application_conditions;core.applications;documents.approval_certificate_documents;documents.approval_certificates;documents.certificate_verification_log;documents.document_audit;documents.document_signatures;documents.documents"
"core","POST","/api/v1/core/applications/:id/renewal","SERVICE","ApplicationService","initiateRenewal","ApplicationRepository;CertificateRepository;ConditionRepository;DocumentRepository","committee.application_conditions;committee.committee_members;committee.committees;core.applications;core.projects;documents.approval_certificate_documents;documents.approval_certificates;documents.document_classifications;documents.document_retention_rules;documents.document_signatures;documents.document_types;documents.documents;documents.templates;reference.application_statuses;security.institutions;security.roles;security.user_roles;security.users","documents.approval_certificate_documents","committee.application_conditions;core.applications;documents.approval_certificate_documents;documents.approval_certificates;documents.certificate_verification_log;documents.document_audit;documents.document_signatures;documents.documents"
"core","GET","/api/v1/core/applications/:id/sla","SERVICE","WorkflowService","getSLAStatus","WorkflowRepository","core.applications;security.users;workflow.workflow_history;workflow.workflow_instances;workflow.workflow_sla;workflow.workflow_states;workflow.workflow_transitions;workflow.workflows","workflow.workflow_sla","workflow.workflow_actions;workflow.workflow_history;workflow.workflow_instances"
"core","GET","/api/v1/core/applications/:id/history","SERVICE","WorkflowService","getHistory","WorkflowRepository","core.applications;security.users;workflow.workflow_history;workflow.workflow_instances;workflow.workflow_sla;workflow.workflow_states;workflow.workflow_transitions;workflow.workflows","workflow.workflow_sla","workflow.workflow_actions;workflow.workflow_history;workflow.workflow_instances"
"core","GET","/api/v1/core/applications/:applicationId/certificates/","SERVICE","CertificateService","listByApplication","","","",""
"core","GET","/api/v1/core/applications/:applicationId/certificates/:id","REPOSITORY","CertificateRepository","findById","CertificateRepository","documents.approval_certificates;documents.approval_certificate_documents;documents.templates;core.applications;core.projects;security.users;committee.committees;security.institutions;security.user_roles;security.roles","documents.approval_certificate_documents","documents.approval_certificates;documents.certificate_verification_log;documents.approval_certificate_documents"
"core","POST","/api/v1/core/applications/:applicationId/certificates/:id/reissue","SERVICE","CertificateService","reissue","","","",""
"core","POST","/api/v1/core/applications/:applicationId/certificates/:id/retry","SERVICE","CertificateService","retry","","","",""
"core","POST","/api/v1/core/applications/:applicationId/certificates/:id/revoke","SERVICE","CertificateService","revoke","","","",""
"core","GET","/api/v1/core/applications/:applicationId/certificates/:id/download","SERVICE","CertificateService","getDownloadInfo","","","",""
"core","GET","/api/v1/core/applications/:applicationId/conditions/","SERVICE","ConditionService","getConditions","","","",""
"core","POST","/api/v1/core/applications/:applicationId/conditions/","SERVICE","ConditionService","createCondition","","","",""
"core","PUT","/api/v1/core/applications/:applicationId/conditions/:id","SERVICE","ConditionService","updateCondition","","","",""
"core","PATCH","/api/v1/core/applications/:applicationId/conditions/:id/resolve","SERVICE","ConditionService","resolveCondition","","","",""
"core","DELETE","/api/v1/core/applications/:applicationId/conditions/:id","SERVICE","ConditionService","deleteCondition","","","",""
"core","GET","/api/v1/core/applications/:applicationId/conditions/summary","SERVICE","ConditionService","evaluate","","","",""
"core","POST","/api/v1/core/","SERVICE","EvidenceService","uploadEvidence","","","",""
"core","GET","/api/v1/core/","SERVICE","EvidenceService","getEvidence","","","",""
"core","DELETE","/api/v1/core/:evidenceId","SERVICE","EvidenceService","deleteEvidence","","","",""
"core","GET","/api/v1/core/research-categories","HANDLER","core.research_categories","(controller)","core.research_categories","","",""
"core","GET","/api/v1/core/risk-classifications","HANDLER","core.risk_classifications","(controller)","core.risk_classifications","","",""
"core","GET","/api/v1/core/vulnerable-populations","HANDLER","core.vulnerable_populations","(controller)","core.vulnerable_populations","","",""
"core","GET","/api/v1/core/research-population-links","HANDLER","core.research_population_links","(controller)","core.research_population_links","","",""
"core","GET","/api/v1/core/projects/","SERVICE","ProjectService","getAll","ProjectRepository","committee.committees;core.applications;core.projects;reference.application_statuses;security.institutions;security.users","","core.projects"
"core","GET","/api/v1/core/projects/:id","SERVICE","ProjectService","getById","ProjectRepository","committee.committees;core.applications;core.projects;reference.application_statuses;security.institutions;security.users","","core.projects"
"core","POST","/api/v1/core/projects/","SERVICE","ProjectService","create","ProjectRepository","committee.committees;core.applications;core.projects;reference.application_statuses;security.institutions;security.users","","core.projects"
"core","GET","/api/v1/core/projects/:id/applications","SERVICE","ProjectService","getApplications","ProjectRepository","committee.committees;core.applications;core.projects;reference.application_statuses;security.institutions;security.users","","core.projects"
"core","GET","/api/v1/core/projects/:id/stats","SERVICE","ProjectService","getStats","ProjectRepository","committee.committees;core.applications;core.projects;reference.application_statuses;security.institutions;security.users","","core.projects"
"documents","GET","/api/v1/documents/templates/","REPOSITORY","DocumentTemplateRepository","findAll","DocumentTemplateRepository","documents.templates","","documents.templates"
"documents","GET","/api/v1/documents/templates/:id","REPOSITORY","DocumentTemplateRepository","findById","DocumentTemplateRepository","documents.templates","","documents.templates"
"documents","POST","/api/v1/documents/templates/","REPOSITORY","DocumentTemplateRepository","create","DocumentTemplateRepository","documents.templates","","documents.templates"
"documents","PUT","/api/v1/documents/templates/:id","REPOSITORY","DocumentTemplateRepository","update","DocumentTemplateRepository","documents.templates","","documents.templates"
"documents","DELETE","/api/v1/documents/templates/:id","REPOSITORY","DocumentTemplateRepository","retire","DocumentTemplateRepository","documents.templates","","documents.templates"
"documents","POST","/api/v1/documents/templates/:id/new-version","REPOSITORY","DocumentTemplateRepository","createNewVersion","DocumentTemplateRepository","documents.templates","","documents.templates"
"documents","POST","/api/v1/documents/templates/:id/set-default","REPOSITORY","DocumentTemplateRepository","setDefault","DocumentTemplateRepository","documents.templates","","documents.templates"
"documents","GET","/api/v1/documents/","SERVICE","DocumentService","getAll","DocumentRepository","documents.document_classifications;documents.document_retention_rules;documents.document_signatures;documents.document_types;documents.documents;security.users","","documents.document_audit;documents.document_signatures;documents.documents"
"documents","GET","/api/v1/documents/types","SERVICE","DocumentService","getTypes","DocumentRepository","documents.document_classifications;documents.document_retention_rules;documents.document_signatures;documents.document_types;documents.documents;security.users","","documents.document_audit;documents.document_signatures;documents.documents"
"documents","POST","/api/v1/documents/","SERVICE","DocumentService","upload","DocumentRepository","documents.document_classifications;documents.document_retention_rules;documents.document_signatures;documents.document_types;documents.documents;security.users","","documents.document_audit;documents.document_signatures;documents.documents"
"documents","GET","/api/v1/documents/classifications","SERVICE","DocumentService","getClassifications","DocumentRepository","documents.document_classifications;documents.document_retention_rules;documents.document_signatures;documents.document_types;documents.documents;security.users","","documents.document_audit;documents.document_signatures;documents.documents"
"documents","GET","/api/v1/documents/retention-rules","SERVICE","DocumentService","listRetentionRules","DocumentRepository","documents.document_classifications;documents.document_retention_rules;documents.document_signatures;documents.document_types;documents.documents;security.users","","documents.document_audit;documents.document_signatures;documents.documents"
"documents","PATCH","/api/v1/documents/:id/metadata","SERVICE","DocumentService","updateMetadata","DocumentRepository","documents.document_classifications;documents.document_retention_rules;documents.document_signatures;documents.document_types;documents.documents;security.users","","documents.document_audit;documents.document_signatures;documents.documents"
"documents","GET","/api/v1/documents/watermarks","SERVICE","WatermarkService","listConfigs","","","",""
"documents","POST","/api/v1/documents/:id/preview-watermark","SERVICE","WatermarkService","listConfigs","","","",""
"documents","POST","/api/v1/documents/:id/preview-watermark","SERVICE","WatermarkService","renderOverlay","","","",""
"documents","GET","/api/v1/documents/checksum/config","HANDLER","(env config)","(controller)","(env config)","","",""
"documents","POST","/api/v1/documents/checksum","SERVICE","ChecksumService","verify","DocumentRenderRepository","documents.document_audit;documents.document_lifecycle_states;documents.document_signature_types;documents.document_signatures;documents.document_types;documents.document_versions;documents.documents;documents.templates;security.users","","documents.document_audit;documents.document_signatures;documents.document_verification_log;documents.document_versions;documents.documents;documents.generated_documents"
"documents","GET","/api/v1/documents/entity/:entityType/:entityId","SERVICE","DocumentService","getByEntity","DocumentRepository","documents.document_classifications;documents.document_retention_rules;documents.document_signatures;documents.document_types;documents.documents;security.users","","documents.document_audit;documents.document_signatures;documents.documents"
"documents","DELETE","/api/v1/documents/:id","SERVICE","DocumentService","softDelete","DocumentRepository","documents.document_classifications;documents.document_retention_rules;documents.document_signatures;documents.document_types;documents.documents;security.users","","documents.document_audit;documents.document_signatures;documents.documents"
"documents","POST","/api/v1/documents/:id/sign","SERVICE","DocumentService","sign","DocumentRepository","documents.document_classifications;documents.document_retention_rules;documents.document_signatures;documents.document_types;documents.documents;security.users","","documents.document_audit;documents.document_signatures;documents.documents"
"documents","POST","/api/v1/documents/:id/signature-slots","SERVICE","DocumentService","addSignatureSlot","DocumentRepository","documents.document_classifications;documents.document_retention_rules;documents.document_signatures;documents.document_types;documents.documents;security.users","","documents.document_audit;documents.document_signatures;documents.documents"
"documents","GET","/api/v1/documents/:id/signatures","SERVICE","DocumentService","getSignatures","DocumentRepository","documents.document_classifications;documents.document_retention_rules;documents.document_signatures;documents.document_types;documents.documents;security.users","","documents.document_audit;documents.document_signatures;documents.documents"
"documents","GET","/api/v1/documents/pending-signatures","SERVICE","DocumentService","getPendingSignatures","DocumentRepository","documents.document_classifications;documents.document_retention_rules;documents.document_signatures;documents.document_types;documents.documents;security.users","","documents.document_audit;documents.document_signatures;documents.documents"
"documents","GET","/api/v1/documents/lifecycle/states","SERVICE","DocumentLifecycleService","listStates","DocumentLifecycleRepository;DocumentRenderRepository","documents.document_audit;documents.document_lifecycle_states;documents.document_lifecycle_transitions;documents.document_signature_types;documents.document_signatures;documents.document_types;documents.document_versions;documents.documents;documents.templates;security.users","","documents.document_audit;documents.document_signatures;documents.document_verification_log;documents.document_versions;documents.documents;documents.generated_documents"
"documents","GET","/api/v1/documents/lifecycle/transitions","SERVICE","DocumentLifecycleService","listTransitions","DocumentLifecycleRepository;DocumentRenderRepository","documents.document_audit;documents.document_lifecycle_states;documents.document_lifecycle_transitions;documents.document_signature_types;documents.document_signatures;documents.document_types;documents.document_versions;documents.documents;documents.templates;security.users","","documents.document_audit;documents.document_signatures;documents.document_verification_log;documents.document_versions;documents.documents;documents.generated_documents"
"documents","POST","/api/v1/documents/:id/transition","SERVICE","DocumentLifecycleService","transition","DocumentLifecycleRepository;DocumentRenderRepository","documents.document_audit;documents.document_lifecycle_states;documents.document_lifecycle_transitions;documents.document_signature_types;documents.document_signatures;documents.document_types;documents.document_versions;documents.documents;documents.templates;security.users","","documents.document_audit;documents.document_signatures;documents.document_verification_log;documents.document_versions;documents.documents;documents.generated_documents"
"forms","GET","/api/v1/forms/","SERVICE","FormService","listDefinitions","ApplicationRepository;DocumentRenderRepository;FormDefinitionRepository;FormInstanceRepository","committee.committees;core.applications;core.projects;documents.document_audit;documents.document_lifecycle_states;documents.document_signature_types;documents.document_signatures;documents.document_types;documents.document_versions;documents.documents;documents.templates;forms.form_definitions;forms.form_instances;reference.application_statuses;security.institutions;security.users","","core.applications;documents.document_audit;documents.document_signatures;documents.document_verification_log;documents.document_versions;documents.documents;documents.generated_documents;forms.form_instances"
"forms","GET","/api/v1/forms/categories","SERVICE","FormService","listCategories","ApplicationRepository;DocumentRenderRepository;FormDefinitionRepository;FormInstanceRepository","committee.committees;core.applications;core.projects;documents.document_audit;documents.document_lifecycle_states;documents.document_signature_types;documents.document_signatures;documents.document_types;documents.document_versions;documents.documents;documents.templates;forms.form_definitions;forms.form_instances;reference.application_statuses;security.institutions;security.users","","core.applications;documents.document_audit;documents.document_signatures;documents.document_verification_log;documents.document_versions;documents.documents;documents.generated_documents;forms.form_instances"
"forms","GET","/api/v1/forms/definitions/:code","SERVICE","FormService","getDefinition","ApplicationRepository;DocumentRenderRepository;FormDefinitionRepository;FormInstanceRepository","committee.committees;core.applications;core.projects;documents.document_audit;documents.document_lifecycle_states;documents.document_signature_types;documents.document_signatures;documents.document_types;documents.document_versions;documents.documents;documents.templates;forms.form_definitions;forms.form_instances;reference.application_statuses;security.institutions;security.users","","core.applications;documents.document_audit;documents.document_signatures;documents.document_verification_log;documents.document_versions;documents.documents;documents.generated_documents;forms.form_instances"
"forms","GET","/api/v1/forms/instances","SERVICE","FormService","listInstances","ApplicationRepository;DocumentRenderRepository;FormDefinitionRepository;FormInstanceRepository","committee.committees;core.applications;core.projects;documents.document_audit;documents.document_lifecycle_states;documents.document_signature_types;documents.document_signatures;documents.document_types;documents.document_versions;documents.documents;documents.templates;forms.form_definitions;forms.form_instances;reference.application_statuses;security.institutions;security.users","","core.applications;documents.document_audit;documents.document_signatures;documents.document_verification_log;documents.document_versions;documents.documents;documents.generated_documents;forms.form_instances"
"forms","GET","/api/v1/forms/instances/entity/:entityType/:entityId","SERVICE","FormService","listByEntity","ApplicationRepository;DocumentRenderRepository;FormDefinitionRepository;FormInstanceRepository","committee.committees;core.applications;core.projects;documents.document_audit;documents.document_lifecycle_states;documents.document_signature_types;documents.document_signatures;documents.document_types;documents.document_versions;documents.documents;documents.templates;forms.form_definitions;forms.form_instances;reference.application_statuses;security.institutions;security.users","","core.applications;documents.document_audit;documents.document_signatures;documents.document_verification_log;documents.document_versions;documents.documents;documents.generated_documents;forms.form_instances"
"forms","GET","/api/v1/forms/instances/:id","SERVICE","FormService","getInstance","ApplicationRepository;DocumentRenderRepository;FormDefinitionRepository;FormInstanceRepository","committee.committees;core.applications;core.projects;documents.document_audit;documents.document_lifecycle_states;documents.document_signature_types;documents.document_signatures;documents.document_types;documents.document_versions;documents.documents;documents.templates;forms.form_definitions;forms.form_instances;reference.application_statuses;security.institutions;security.users","","core.applications;documents.document_audit;documents.document_signatures;documents.document_verification_log;documents.document_versions;documents.documents;documents.generated_documents;forms.form_instances"
"forms","POST","/api/v1/forms/instances","SERVICE","FormService","createInstance","ApplicationRepository;DocumentRenderRepository;FormDefinitionRepository;FormInstanceRepository","committee.committees;core.applications;core.projects;documents.document_audit;documents.document_lifecycle_states;documents.document_signature_types;documents.document_signatures;documents.document_types;documents.document_versions;documents.documents;documents.templates;forms.form_definitions;forms.form_instances;reference.application_statuses;security.institutions;security.users","","core.applications;documents.document_audit;documents.document_signatures;documents.document_verification_log;documents.document_versions;documents.documents;documents.generated_documents;forms.form_instances"
"forms","PUT","/api/v1/forms/instances/:id","SERVICE","FormService","saveInstance","ApplicationRepository;DocumentRenderRepository;FormDefinitionRepository;FormInstanceRepository","committee.committees;core.applications;core.projects;documents.document_audit;documents.document_lifecycle_states;documents.document_signature_types;documents.document_signatures;documents.document_types;documents.document_versions;documents.documents;documents.templates;forms.form_definitions;forms.form_instances;reference.application_statuses;security.institutions;security.users","","core.applications;documents.document_audit;documents.document_signatures;documents.document_verification_log;documents.document_versions;documents.documents;documents.generated_documents;forms.form_instances"
"forms","POST","/api/v1/forms/instances/:id/submit","SERVICE","FormService","submitInstance","ApplicationRepository;DocumentRenderRepository;FormDefinitionRepository;FormInstanceRepository","committee.committees;core.applications;core.projects;documents.document_audit;documents.document_lifecycle_states;documents.document_signature_types;documents.document_signatures;documents.document_types;documents.document_versions;documents.documents;documents.templates;forms.form_definitions;forms.form_instances;reference.application_statuses;security.institutions;security.users","","core.applications;documents.document_audit;documents.document_signatures;documents.document_verification_log;documents.document_versions;documents.documents;documents.generated_documents;forms.form_instances"
"forms","POST","/api/v1/forms/instances/:id/approve","SERVICE","FormService","approveInstance","ApplicationRepository;DocumentRenderRepository;FormDefinitionRepository;FormInstanceRepository","committee.committees;core.applications;core.projects;documents.document_audit;documents.document_lifecycle_states;documents.document_signature_types;documents.document_signatures;documents.document_types;documents.document_versions;documents.documents;documents.templates;forms.form_definitions;forms.form_instances;reference.application_statuses;security.institutions;security.users","","core.applications;documents.document_audit;documents.document_signatures;documents.document_verification_log;documents.document_versions;documents.documents;documents.generated_documents;forms.form_instances"
"forms","POST","/api/v1/forms/instances/:id/return","SERVICE","FormService","returnInstance","ApplicationRepository;DocumentRenderRepository;FormDefinitionRepository;FormInstanceRepository","committee.committees;core.applications;core.projects;documents.document_audit;documents.document_lifecycle_states;documents.document_signature_types;documents.document_signatures;documents.document_types;documents.document_versions;documents.documents;documents.templates;forms.form_definitions;forms.form_instances;reference.application_statuses;security.institutions;security.users","","core.applications;documents.document_audit;documents.document_signatures;documents.document_verification_log;documents.document_versions;documents.documents;documents.generated_documents;forms.form_instances"
"forms","POST","/api/v1/forms/instances/:id/void","SERVICE","FormService","voidInstance","ApplicationRepository;DocumentRenderRepository;FormDefinitionRepository;FormInstanceRepository","committee.committees;core.applications;core.projects;documents.document_audit;documents.document_lifecycle_states;documents.document_signature_types;documents.document_signatures;documents.document_types;documents.document_versions;documents.documents;documents.templates;forms.form_definitions;forms.form_instances;reference.application_statuses;security.institutions;security.users","","core.applications;documents.document_audit;documents.document_signatures;documents.document_verification_log;documents.document_versions;documents.documents;documents.generated_documents;forms.form_instances"
"forms","POST","/api/v1/forms/instances/:id/generate","SERVICE","FormService","generateDocument","ApplicationRepository;DocumentRenderRepository;FormDefinitionRepository;FormInstanceRepository","committee.committees;core.applications;core.projects;documents.document_audit;documents.document_lifecycle_states;documents.document_signature_types;documents.document_signatures;documents.document_types;documents.document_versions;documents.documents;documents.templates;forms.form_definitions;forms.form_instances;reference.application_statuses;security.institutions;security.users","","core.applications;documents.document_audit;documents.document_signatures;documents.document_verification_log;documents.document_versions;documents.documents;documents.generated_documents;forms.form_instances"
"forms","GET","/api/v1/forms/documents/:id/download","SERVICE","FormService","getDocumentDownload","ApplicationRepository;DocumentRenderRepository;FormDefinitionRepository;FormInstanceRepository","committee.committees;core.applications;core.projects;documents.document_audit;documents.document_lifecycle_states;documents.document_signature_types;documents.document_signatures;documents.document_types;documents.document_versions;documents.documents;documents.templates;forms.form_definitions;forms.form_instances;reference.application_statuses;security.institutions;security.users","","core.applications;documents.document_audit;documents.document_signatures;documents.document_verification_log;documents.document_versions;documents.documents;documents.generated_documents;forms.form_instances"
"forms","GET","/api/v1/forms/instances/:id/documents","SERVICE","FormService","listDocuments","ApplicationRepository;DocumentRenderRepository;FormDefinitionRepository;FormInstanceRepository","committee.committees;core.applications;core.projects;documents.document_audit;documents.document_lifecycle_states;documents.document_signature_types;documents.document_signatures;documents.document_types;documents.document_versions;documents.documents;documents.templates;forms.form_definitions;forms.form_instances;reference.application_statuses;security.institutions;security.users","","core.applications;documents.document_audit;documents.document_signatures;documents.document_verification_log;documents.document_versions;documents.documents;documents.generated_documents;forms.form_instances"
"forms","GET","/api/v1/forms/documents/:id","SERVICE","DocumentLifecycleService","checkExpiry","DocumentLifecycleRepository;DocumentRenderRepository","documents.document_audit;documents.document_lifecycle_states;documents.document_lifecycle_transitions;documents.document_signature_types;documents.document_signatures;documents.document_types;documents.document_versions;documents.documents;documents.templates;security.users","","documents.document_audit;documents.document_signatures;documents.document_verification_log;documents.document_versions;documents.documents;documents.generated_documents"
"forms","GET","/api/v1/forms/documents/:id","SERVICE","FormService","getDocumentDetail","ApplicationRepository;DocumentRenderRepository;FormDefinitionRepository;FormInstanceRepository","committee.committees;core.applications;core.projects;documents.document_audit;documents.document_lifecycle_states;documents.document_signature_types;documents.document_signatures;documents.document_types;documents.document_versions;documents.documents;documents.templates;forms.form_definitions;forms.form_instances;reference.application_statuses;security.institutions;security.users","","core.applications;documents.document_audit;documents.document_signatures;documents.document_verification_log;documents.document_versions;documents.documents;documents.generated_documents;forms.form_instances"
"forms","POST","/api/v1/forms/documents/:id/sign","SERVICE","FormService","signDocument","ApplicationRepository;DocumentRenderRepository;FormDefinitionRepository;FormInstanceRepository","committee.committees;core.applications;core.projects;documents.document_audit;documents.document_lifecycle_states;documents.document_signature_types;documents.document_signatures;documents.document_types;documents.document_versions;documents.documents;documents.templates;forms.form_definitions;forms.form_instances;reference.application_statuses;security.institutions;security.users","","core.applications;documents.document_audit;documents.document_signatures;documents.document_verification_log;documents.document_versions;documents.documents;documents.generated_documents;forms.form_instances"
"forms","POST","/api/v1/forms/documents/:id/lifecycle","SERVICE","FormService","setDocumentLifecycle","ApplicationRepository;DocumentRenderRepository;FormDefinitionRepository;FormInstanceRepository","committee.committees;core.applications;core.projects;documents.document_audit;documents.document_lifecycle_states;documents.document_signature_types;documents.document_signatures;documents.document_types;documents.document_versions;documents.documents;documents.templates;forms.form_definitions;forms.form_instances;reference.application_statuses;security.institutions;security.users","","core.applications;documents.document_audit;documents.document_signatures;documents.document_verification_log;documents.document_versions;documents.documents;documents.generated_documents;forms.form_instances"
"integration","GET","/api/v1/integration/events","SERVICE","IntegrationService","getEvents","IntegrationRepository","integration.event_outbox;integration.integration_logs","integration.integration_logs",""
"integration","GET","/api/v1/integration/logs","SERVICE","IntegrationService","getLogs","IntegrationRepository","integration.event_outbox;integration.integration_logs","integration.integration_logs",""
"monitoring","GET","/api/v1/monitoring/live","HANDLER","(unknown)","(controller)","(unknown)","","",""
"monitoring","GET","/api/v1/monitoring/ready","HANDLER","(unknown)","(controller)","(unknown)","","",""
"monitoring","GET","/api/v1/monitoring/health","HANDLER","(unknown)","(controller)","(unknown)","","",""
"monitoring","GET","/api/v1/monitoring/metrics","HANDLER","(unknown)","(controller)","(unknown)","","",""
"monitoring","GET","/api/v1/monitoring/audit","SERVICE","MonitoringService","getAuditLogs","MonitoringRepository","audit.audit_logs;security.users;system.system_config","",""
"monitoring","GET","/api/v1/monitoring/config","SERVICE","MonitoringService","getSystemConfig","MonitoringRepository","audit.audit_logs;security.users;system.system_config","",""
"public","GET","/api/v1/public/certificates/verify/:serialNumber","ENGINE","engine","verify","","","",""
"public","GET","/api/v1/public/documents/verify/:reference","ENGINE","engine","verify","","","",""
"public","GET","/api/v1/public/verification/verify/:reference","ENGINE","engine","verify","","","",""
"reference","GET","/api/v1/reference/institutions-registry","HANDLER","(unknown)","(controller)","(unknown)","","",""
"reference","GET","/api/v1/reference/professions","HANDLER","(unknown)","(controller)","(unknown)","","",""
"reference","GET","/api/v1/reference/licenses","HANDLER","(unknown)","(controller)","(unknown)","","",""
"reporting","GET","/api/v1/reporting/dashboard/stats","SERVICE","ReportingService","getDashboardStats","ReportingRepository","committee.committee_meetings;committee.committees;committee.review_assignments;core.applications;core.projects;security.users","",""
"reporting","GET","/api/v1/reporting/dashboard/stream","HANDLER","(unknown)","(controller)","(unknown)","","",""
"reporting","GET","/api/v1/reporting/applications","SERVICE","ReportingService","getApplications","ReportingRepository","committee.committee_meetings;committee.committees;committee.review_assignments;core.applications;core.projects;security.users","",""
"reporting","GET","/api/v1/reporting/committees","SERVICE","ReportingService","getCommittees","ReportingRepository","committee.committee_meetings;committee.committees;committee.review_assignments;core.applications;core.projects;security.users","",""
"reporting","GET","/api/v1/reporting/status-summary","SERVICE","ReportingService","getStatusSummary","ReportingRepository","committee.committee_meetings;committee.committees;committee.review_assignments;core.applications;core.projects;security.users","",""
"reporting","GET","/api/v1/reporting/applications-trend","SERVICE","ReportingService","getApplicationsTrend","ReportingRepository","committee.committee_meetings;committee.committees;committee.review_assignments;core.applications;core.projects;security.users","",""
"reporting","GET","/api/v1/reporting/export/applications","SERVICE","ReportingService","getExportData","ReportingRepository","committee.committee_meetings;committee.committees;committee.review_assignments;core.applications;core.projects;security.users","",""
"safety","GET","/api/v1/safety/risk-register","SERVICE","SafetyService","getRiskRegister","SafetyRepository","core.applications;core.projects;safety.adverse_events;safety.corrective_actions;safety.risk_incidents;safety.risk_mitigations;safety.risk_register;safety.safety_reports;safety.serious_adverse_events;security.users","safety.adverse_events;safety.corrective_actions;safety.risk_incidents;safety.risk_mitigations;safety.risk_register;safety.safety_reports;safety.serious_adverse_events","safety.adverse_events;safety.corrective_actions;safety.risk_incidents;safety.risk_mitigations;safety.risk_register"
"safety","POST","/api/v1/safety/risk-register","SERVICE","SafetyService","createRisk","SafetyRepository","core.applications;core.projects;safety.adverse_events;safety.corrective_actions;safety.risk_incidents;safety.risk_mitigations;safety.risk_register;safety.safety_reports;safety.serious_adverse_events;security.users","safety.adverse_events;safety.corrective_actions;safety.risk_incidents;safety.risk_mitigations;safety.risk_register;safety.safety_reports;safety.serious_adverse_events","safety.adverse_events;safety.corrective_actions;safety.risk_incidents;safety.risk_mitigations;safety.risk_register"
"safety","PUT","/api/v1/safety/risk-register/:id","SERVICE","SafetyService","updateRisk","SafetyRepository","core.applications;core.projects;safety.adverse_events;safety.corrective_actions;safety.risk_incidents;safety.risk_mitigations;safety.risk_register;safety.safety_reports;safety.serious_adverse_events;security.users","safety.adverse_events;safety.corrective_actions;safety.risk_incidents;safety.risk_mitigations;safety.risk_register;safety.safety_reports;safety.serious_adverse_events","safety.adverse_events;safety.corrective_actions;safety.risk_incidents;safety.risk_mitigations;safety.risk_register"
"safety","DELETE","/api/v1/safety/risk-register/:id","SERVICE","SafetyService","softDeleteRisk","SafetyRepository","core.applications;core.projects;safety.adverse_events;safety.corrective_actions;safety.risk_incidents;safety.risk_mitigations;safety.risk_register;safety.safety_reports;safety.serious_adverse_events;security.users","safety.adverse_events;safety.corrective_actions;safety.risk_incidents;safety.risk_mitigations;safety.risk_register;safety.safety_reports;safety.serious_adverse_events","safety.adverse_events;safety.corrective_actions;safety.risk_incidents;safety.risk_mitigations;safety.risk_register"
"safety","GET","/api/v1/safety/risk-register/:id/mitigations","SERVICE","SafetyService","getMitigations","SafetyRepository","core.applications;core.projects;safety.adverse_events;safety.corrective_actions;safety.risk_incidents;safety.risk_mitigations;safety.risk_register;safety.safety_reports;safety.serious_adverse_events;security.users","safety.adverse_events;safety.corrective_actions;safety.risk_incidents;safety.risk_mitigations;safety.risk_register;safety.safety_reports;safety.serious_adverse_events","safety.adverse_events;safety.corrective_actions;safety.risk_incidents;safety.risk_mitigations;safety.risk_register"
"safety","POST","/api/v1/safety/risk-register/:id/mitigations","SERVICE","SafetyService","createMitigation","SafetyRepository","core.applications;core.projects;safety.adverse_events;safety.corrective_actions;safety.risk_incidents;safety.risk_mitigations;safety.risk_register;safety.safety_reports;safety.serious_adverse_events;security.users","safety.adverse_events;safety.corrective_actions;safety.risk_incidents;safety.risk_mitigations;safety.risk_register;safety.safety_reports;safety.serious_adverse_events","safety.adverse_events;safety.corrective_actions;safety.risk_incidents;safety.risk_mitigations;safety.risk_register"
"safety","GET","/api/v1/safety/risk-incidents","SERVICE","SafetyService","getIncidents","SafetyRepository","core.applications;core.projects;safety.adverse_events;safety.corrective_actions;safety.risk_incidents;safety.risk_mitigations;safety.risk_register;safety.safety_reports;safety.serious_adverse_events;security.users","safety.adverse_events;safety.corrective_actions;safety.risk_incidents;safety.risk_mitigations;safety.risk_register;safety.safety_reports;safety.serious_adverse_events","safety.adverse_events;safety.corrective_actions;safety.risk_incidents;safety.risk_mitigations;safety.risk_register"
"safety","POST","/api/v1/safety/risk-incidents","SERVICE","SafetyService","createIncident","SafetyRepository","core.applications;core.projects;safety.adverse_events;safety.corrective_actions;safety.risk_incidents;safety.risk_mitigations;safety.risk_register;safety.safety_reports;safety.serious_adverse_events;security.users","safety.adverse_events;safety.corrective_actions;safety.risk_incidents;safety.risk_mitigations;safety.risk_register;safety.safety_reports;safety.serious_adverse_events","safety.adverse_events;safety.corrective_actions;safety.risk_incidents;safety.risk_mitigations;safety.risk_register"
"safety","GET","/api/v1/safety/corrective-actions","SERVICE","SafetyService","getCorrectiveActions","SafetyRepository","core.applications;core.projects;safety.adverse_events;safety.corrective_actions;safety.risk_incidents;safety.risk_mitigations;safety.risk_register;safety.safety_reports;safety.serious_adverse_events;security.users","safety.adverse_events;safety.corrective_actions;safety.risk_incidents;safety.risk_mitigations;safety.risk_register;safety.safety_reports;safety.serious_adverse_events","safety.adverse_events;safety.corrective_actions;safety.risk_incidents;safety.risk_mitigations;safety.risk_register"
"safety","POST","/api/v1/safety/corrective-actions","SERVICE","SafetyService","createCorrectiveAction","SafetyRepository","core.applications;core.projects;safety.adverse_events;safety.corrective_actions;safety.risk_incidents;safety.risk_mitigations;safety.risk_register;safety.safety_reports;safety.serious_adverse_events;security.users","safety.adverse_events;safety.corrective_actions;safety.risk_incidents;safety.risk_mitigations;safety.risk_register;safety.safety_reports;safety.serious_adverse_events","safety.adverse_events;safety.corrective_actions;safety.risk_incidents;safety.risk_mitigations;safety.risk_register"
"safety","GET","/api/v1/safety/adverse-events","SERVICE","SafetyService","getAdverseEvents","SafetyRepository","core.applications;core.projects;safety.adverse_events;safety.corrective_actions;safety.risk_incidents;safety.risk_mitigations;safety.risk_register;safety.safety_reports;safety.serious_adverse_events;security.users","safety.adverse_events;safety.corrective_actions;safety.risk_incidents;safety.risk_mitigations;safety.risk_register;safety.safety_reports;safety.serious_adverse_events","safety.adverse_events;safety.corrective_actions;safety.risk_incidents;safety.risk_mitigations;safety.risk_register"
"safety","POST","/api/v1/safety/adverse-events","SERVICE","SafetyService","createAdverseEvent","SafetyRepository","core.applications;core.projects;safety.adverse_events;safety.corrective_actions;safety.risk_incidents;safety.risk_mitigations;safety.risk_register;safety.safety_reports;safety.serious_adverse_events;security.users","safety.adverse_events;safety.corrective_actions;safety.risk_incidents;safety.risk_mitigations;safety.risk_register;safety.safety_reports;safety.serious_adverse_events","safety.adverse_events;safety.corrective_actions;safety.risk_incidents;safety.risk_mitigations;safety.risk_register"
"safety","GET","/api/v1/safety/serious-adverse-events","SERVICE","SafetyService","getSeriousAdverseEvents","SafetyRepository","core.applications;core.projects;safety.adverse_events;safety.corrective_actions;safety.risk_incidents;safety.risk_mitigations;safety.risk_register;safety.safety_reports;safety.serious_adverse_events;security.users","safety.adverse_events;safety.corrective_actions;safety.risk_incidents;safety.risk_mitigations;safety.risk_register;safety.safety_reports;safety.serious_adverse_events","safety.adverse_events;safety.corrective_actions;safety.risk_incidents;safety.risk_mitigations;safety.risk_register"
"safety","GET","/api/v1/safety/safety-reports","SERVICE","SafetyService","getSafetyReports","SafetyRepository","core.applications;core.projects;safety.adverse_events;safety.corrective_actions;safety.risk_incidents;safety.risk_mitigations;safety.risk_register;safety.safety_reports;safety.serious_adverse_events;security.users","safety.adverse_events;safety.corrective_actions;safety.risk_incidents;safety.risk_mitigations;safety.risk_register;safety.safety_reports;safety.serious_adverse_events","safety.adverse_events;safety.corrective_actions;safety.risk_incidents;safety.risk_mitigations;safety.risk_register"
"security","POST","/api/v1/security/auth/login","SERVICE","AuthService","login","AuthRepository;UsersRepository","security.departments;security.email_verification_tokens;security.institutions;security.login_audit;security.password_history;security.password_reset_tokens;security.permissions;security.responsibility_types;security.role_permissions;security.roles;security.sessions;security.user_profiles;security.user_responsibilities;security.user_roles;security.users","security.password_reset_tokens","security.email_verification_tokens;security.login_audit;security.password_history;security.password_reset_tokens;security.security_events;security.sessions;security.user_profiles;security.user_responsibilities;security.user_roles;security.users"
"security","POST","/api/v1/security/auth/register","SERVICE","AuthService","register","AuthRepository;UsersRepository","security.departments;security.email_verification_tokens;security.institutions;security.login_audit;security.password_history;security.password_reset_tokens;security.permissions;security.responsibility_types;security.role_permissions;security.roles;security.sessions;security.user_profiles;security.user_responsibilities;security.user_roles;security.users","security.password_reset_tokens","security.email_verification_tokens;security.login_audit;security.password_history;security.password_reset_tokens;security.security_events;security.sessions;security.user_profiles;security.user_responsibilities;security.user_roles;security.users"
"security","POST","/api/v1/security/auth/forgot-password","SERVICE","AuthService","forgotPassword","AuthRepository;UsersRepository","security.departments;security.email_verification_tokens;security.institutions;security.login_audit;security.password_history;security.password_reset_tokens;security.permissions;security.responsibility_types;security.role_permissions;security.roles;security.sessions;security.user_profiles;security.user_responsibilities;security.user_roles;security.users","security.password_reset_tokens","security.email_verification_tokens;security.login_audit;security.password_history;security.password_reset_tokens;security.security_events;security.sessions;security.user_profiles;security.user_responsibilities;security.user_roles;security.users"
"security","POST","/api/v1/security/auth/reset-password","SERVICE","AuthService","resetPassword","AuthRepository;UsersRepository","security.departments;security.email_verification_tokens;security.institutions;security.login_audit;security.password_history;security.password_reset_tokens;security.permissions;security.responsibility_types;security.role_permissions;security.roles;security.sessions;security.user_profiles;security.user_responsibilities;security.user_roles;security.users","security.password_reset_tokens","security.email_verification_tokens;security.login_audit;security.password_history;security.password_reset_tokens;security.security_events;security.sessions;security.user_profiles;security.user_responsibilities;security.user_roles;security.users"
"security","POST","/api/v1/security/auth/refresh","SERVICE","AuthService","refresh","AuthRepository;UsersRepository","security.departments;security.email_verification_tokens;security.institutions;security.login_audit;security.password_history;security.password_reset_tokens;security.permissions;security.responsibility_types;security.role_permissions;security.roles;security.sessions;security.user_profiles;security.user_responsibilities;security.user_roles;security.users","security.password_reset_tokens","security.email_verification_tokens;security.login_audit;security.password_history;security.password_reset_tokens;security.security_events;security.sessions;security.user_profiles;security.user_responsibilities;security.user_roles;security.users"
"security","POST","/api/v1/security/auth/logout","SERVICE","AuthService","logout","AuthRepository;UsersRepository","security.departments;security.email_verification_tokens;security.institutions;security.login_audit;security.password_history;security.password_reset_tokens;security.permissions;security.responsibility_types;security.role_permissions;security.roles;security.sessions;security.user_profiles;security.user_responsibilities;security.user_roles;security.users","security.password_reset_tokens","security.email_verification_tokens;security.login_audit;security.password_history;security.password_reset_tokens;security.security_events;security.sessions;security.user_profiles;security.user_responsibilities;security.user_roles;security.users"
"security","GET","/api/v1/security/auth/me","SERVICE","AuthService","getMe","AuthRepository;UsersRepository","security.departments;security.email_verification_tokens;security.institutions;security.login_audit;security.password_history;security.password_reset_tokens;security.permissions;security.responsibility_types;security.role_permissions;security.roles;security.sessions;security.user_profiles;security.user_responsibilities;security.user_roles;security.users","security.password_reset_tokens","security.email_verification_tokens;security.login_audit;security.password_history;security.password_reset_tokens;security.security_events;security.sessions;security.user_profiles;security.user_responsibilities;security.user_roles;security.users"
"security","POST","/api/v1/security/auth/verify-email","SERVICE","AuthService","verifyEmail","AuthRepository;UsersRepository","security.departments;security.email_verification_tokens;security.institutions;security.login_audit;security.password_history;security.password_reset_tokens;security.permissions;security.responsibility_types;security.role_permissions;security.roles;security.sessions;security.user_profiles;security.user_responsibilities;security.user_roles;security.users","security.password_reset_tokens","security.email_verification_tokens;security.login_audit;security.password_history;security.password_reset_tokens;security.security_events;security.sessions;security.user_profiles;security.user_responsibilities;security.user_roles;security.users"
"security","POST","/api/v1/security/auth/resend-verification","SERVICE","AuthService","resendVerificationEmail","AuthRepository;UsersRepository","security.departments;security.email_verification_tokens;security.institutions;security.login_audit;security.password_history;security.password_reset_tokens;security.permissions;security.responsibility_types;security.role_permissions;security.roles;security.sessions;security.user_profiles;security.user_responsibilities;security.user_roles;security.users","security.password_reset_tokens","security.email_verification_tokens;security.login_audit;security.password_history;security.password_reset_tokens;security.security_events;security.sessions;security.user_profiles;security.user_responsibilities;security.user_roles;security.users"
"security","POST","/api/v1/security/auth/change-password","SERVICE","AuthService","changePassword","AuthRepository;UsersRepository","security.departments;security.email_verification_tokens;security.institutions;security.login_audit;security.password_history;security.password_reset_tokens;security.permissions;security.responsibility_types;security.role_permissions;security.roles;security.sessions;security.user_profiles;security.user_responsibilities;security.user_roles;security.users","security.password_reset_tokens","security.email_verification_tokens;security.login_audit;security.password_history;security.password_reset_tokens;security.security_events;security.sessions;security.user_profiles;security.user_responsibilities;security.user_roles;security.users"
"security","GET","/api/v1/security/permissions/","SERVICE","AuthorizationService","getPermissions","AuthorizationRepository","security.permissions;security.role_permissions;security.roles","","security.permissions;security.role_permissions;security.roles"
"security","POST","/api/v1/security/permissions/","SERVICE","AuthorizationService","createPermission","AuthorizationRepository","security.permissions;security.role_permissions;security.roles","","security.permissions;security.role_permissions;security.roles"
"security","DELETE","/api/v1/security/permissions/:id","SERVICE","AuthorizationService","deletePermission","AuthorizationRepository","security.permissions;security.role_permissions;security.roles","","security.permissions;security.role_permissions;security.roles"
"security","GET","/api/v1/security/permissions/role/:roleId","SERVICE","AuthorizationService","getRolePermissions","AuthorizationRepository","security.permissions;security.role_permissions;security.roles","","security.permissions;security.role_permissions;security.roles"
"security","PUT","/api/v1/security/permissions/role/:roleId","SERVICE","AuthorizationService","setRolePermissions","AuthorizationRepository","security.permissions;security.role_permissions;security.roles","","security.permissions;security.role_permissions;security.roles"
"security","GET","/api/v1/security/profile","SERVICE","UsersService","getProfile","UsersRepository","security.departments;security.institutions;security.responsibility_types;security.roles;security.user_profiles;security.user_responsibilities;security.user_roles;security.users","","security.user_profiles;security.user_responsibilities;security.user_roles;security.users"
"security","PUT","/api/v1/security/profile","SERVICE","UsersService","upsertProfile","UsersRepository","security.departments;security.institutions;security.responsibility_types;security.roles;security.user_profiles;security.user_responsibilities;security.user_roles;security.users","","security.user_profiles;security.user_responsibilities;security.user_roles;security.users"
"security","GET","/api/v1/security/profile/:userId","SERVICE","UsersService","getProfile","UsersRepository","security.departments;security.institutions;security.responsibility_types;security.roles;security.user_profiles;security.user_responsibilities;security.user_roles;security.users","","security.user_profiles;security.user_responsibilities;security.user_roles;security.users"
"security","GET","/api/v1/security/responsibility-types","SERVICE","UsersService","getResponsibilityTypes","UsersRepository","security.departments;security.institutions;security.responsibility_types;security.roles;security.user_profiles;security.user_responsibilities;security.user_roles;security.users","","security.user_profiles;security.user_responsibilities;security.user_roles;security.users"
"security","GET","/api/v1/security/user-responsibilities","SERVICE","UsersService","getUserResponsibilities","UsersRepository","security.departments;security.institutions;security.responsibility_types;security.roles;security.user_profiles;security.user_responsibilities;security.user_roles;security.users","","security.user_profiles;security.user_responsibilities;security.user_roles;security.users"
"security","POST","/api/v1/security/user-responsibilities","SERVICE","UsersService","createResponsibility","UsersRepository","security.departments;security.institutions;security.responsibility_types;security.roles;security.user_profiles;security.user_responsibilities;security.user_roles;security.users","","security.user_profiles;security.user_responsibilities;security.user_roles;security.users"
"security","DELETE","/api/v1/security/user-responsibilities/:id","SERVICE","UsersService","deleteResponsibility","UsersRepository","security.departments;security.institutions;security.responsibility_types;security.roles;security.user_profiles;security.user_responsibilities;security.user_roles;security.users","","security.user_profiles;security.user_responsibilities;security.user_roles;security.users"
"security","GET","/api/v1/security/roles/","SERVICE","AuthorizationService","getRoles","AuthorizationRepository","security.permissions;security.role_permissions;security.roles","","security.permissions;security.role_permissions;security.roles"
"security","GET","/api/v1/security/roles/:id","SERVICE","AuthorizationService","getRole","AuthorizationRepository","security.permissions;security.role_permissions;security.roles","","security.permissions;security.role_permissions;security.roles"
"security","POST","/api/v1/security/roles/","SERVICE","AuthorizationService","createRole","AuthorizationRepository","security.permissions;security.role_permissions;security.roles","","security.permissions;security.role_permissions;security.roles"
"security","PUT","/api/v1/security/roles/:id","SERVICE","AuthorizationService","updateRole","AuthorizationRepository","security.permissions;security.role_permissions;security.roles","","security.permissions;security.role_permissions;security.roles"
"security","GET","/api/v1/security/users/","SERVICE","UsersService","getAll","UsersRepository","security.departments;security.institutions;security.responsibility_types;security.roles;security.user_profiles;security.user_responsibilities;security.user_roles;security.users","","security.user_profiles;security.user_responsibilities;security.user_roles;security.users"
"security","GET","/api/v1/security/users/:id","SERVICE","UsersService","getById","UsersRepository","security.departments;security.institutions;security.responsibility_types;security.roles;security.user_profiles;security.user_responsibilities;security.user_roles;security.users","","security.user_profiles;security.user_responsibilities;security.user_roles;security.users"
"security","POST","/api/v1/security/users/","SERVICE","UsersService","create","UsersRepository","security.departments;security.institutions;security.responsibility_types;security.roles;security.user_profiles;security.user_responsibilities;security.user_roles;security.users","","security.user_profiles;security.user_responsibilities;security.user_roles;security.users"
"security","PUT","/api/v1/security/users/:id","SERVICE","UsersService","update","UsersRepository","security.departments;security.institutions;security.responsibility_types;security.roles;security.user_profiles;security.user_responsibilities;security.user_roles;security.users","","security.user_profiles;security.user_responsibilities;security.user_roles;security.users"
"system","GET","/api/v1/system/saved-searches","SERVICE","SystemService","getSavedSearches","SystemRepository","system.saved_searches;system.system_config","","system.saved_searches"
"system","POST","/api/v1/system/saved-searches","SERVICE","SystemService","createSavedSearch","SystemRepository","system.saved_searches;system.system_config","","system.saved_searches"
"system","PUT","/api/v1/system/saved-searches/:id","SERVICE","SystemService","updateSavedSearch","SystemRepository","system.saved_searches;system.system_config","","system.saved_searches"
"system","DELETE","/api/v1/system/saved-searches/:id","SERVICE","SystemService","deleteSavedSearch","SystemRepository","system.saved_searches;system.system_config","","system.saved_searches"
"system","GET","/api/v1/system/config","SERVICE","SystemService","getConfig","SystemRepository","system.saved_searches;system.system_config","","system.saved_searches"
"workflow","GET","/api/v1/workflow/definitions","SERVICE","WorkflowService","getDefinitions","WorkflowRepository","core.applications;security.users;workflow.workflow_history;workflow.workflow_instances;workflow.workflow_sla;workflow.workflow_states;workflow.workflow_transitions;workflow.workflows","workflow.workflow_sla","workflow.workflow_actions;workflow.workflow_history;workflow.workflow_instances"
"workflow","GET","/api/v1/workflow/instances/:entityType/:entityId","SERVICE","WorkflowService","getInstance","WorkflowRepository","core.applications;security.users;workflow.workflow_history;workflow.workflow_instances;workflow.workflow_sla;workflow.workflow_states;workflow.workflow_transitions;workflow.workflows","workflow.workflow_sla","workflow.workflow_actions;workflow.workflow_history;workflow.workflow_instances"
"workflow","GET","/api/v1/workflow/available-transitions/:entityType/:entityId","SERVICE","WorkflowService","getAvailableTransitions","WorkflowRepository","core.applications;security.users;workflow.workflow_history;workflow.workflow_instances;workflow.workflow_sla;workflow.workflow_states;workflow.workflow_transitions;workflow.workflows","workflow.workflow_sla","workflow.workflow_actions;workflow.workflow_history;workflow.workflow_instances"
"workflow","POST","/api/v1/workflow/execute-transition","SERVICE","WorkflowService","executeTransition","WorkflowRepository","core.applications;security.users;workflow.workflow_history;workflow.workflow_instances;workflow.workflow_sla;workflow.workflow_states;workflow.workflow_transitions;workflow.workflows","workflow.workflow_sla","workflow.workflow_actions;workflow.workflow_history;workflow.workflow_instances"
